{"type":"FeatureCollection","features":[{"type":"Feature","geometry":{"type":"Polygon","coordinates":[[[-15.7460512001005,28.0509417500749],[-15.7457023699026,28.0497306898738],[-15.748492109577,28.0476656697421],[-15.7474541404022,28.0441192400096],[-15.7446001496254,28.0410610202804],[-15.7449805699786,28.0384235002453],[-15.7422234795732,28.0369846098154],[-15.7422739999264,28.0343846103561],[-15.7437877195707,28.0318924199691],[-15.7408859797433,28.0293145397026],[-15.7329919497424,28.0289789502891],[-15.7250117901705,28.0295637903833],[-15.7166491602899,28.032939309844],[-15.714774490378,28.0341176896521],[-15.7144343998895,28.0376659001088],[-15.7115089499285,28.0398474202479],[-15.7083244096699,28.040932060263],[-15.70850083969,28.042712529879],[-15.7062606300176,28.0429864102924],[-15.7033050999693,28.0460296297124],[-15.7007845701142,28.0478386600743],[-15.6991352497778,28.0499986801683],[-15.6954807100643,28.0523272503566],[-15.6928693003468,28.0493549897139],[-15.689341750075,28.0476357996703],[-15.685562840407,28.0510649701892],[-15.6837304497039,28.0534222798416],[-15.6812929196895,28.0553846003353],[-15.6755976699585,28.0534834096611],[-15.6741874101838,28.0513040703688],[-15.6701180697945,28.0481846502106],[-15.6692127997535,28.0495036700637],[-15.6658864999531,28.0489195797388],[-15.661550979762,28.0498932000622],[-15.6619746297416,28.0529854300084],[-15.6601796799212,28.0550917498474],[-15.6582177898834,28.0559552699061],[-15.6546402097385,28.0555410698971],[-15.6536685299435,28.0573451203659],[-15.6512080901944,28.0586201801804],[-15.6517230997366,28.0626543002797],[-15.65285080971,28.0640887101901],[-15.6525424998197,28.0692473299338],[-15.6569851701596,28.0724227098054],[-15.6587366999107,28.0729198202496],[-15.6585548701174,28.0751129597385],[-15.6602480399177,28.0792129899773],[-15.6594068197564,28.0806688199676],[-15.6597773703195,28.0836807296934],[-15.6633655496864,28.0846790699019],[-15.6632831301574,28.0878877001349],[-15.6647074602444,28.0896002097506],[-15.6689106100852,28.0894581698079],[-15.6729667102055,28.0930853596065],[-15.6740511896541,28.0962358100836],[-15.6776736002233,28.1001803402815],[-15.6786805397915,28.1030144399778],[-15.6802089998913,28.1044618402048],[-15.6809160899025,28.1065545701024],[-15.68438644983,28.1097826096135],[-15.6853672699831,28.1095317201591],[-15.6888837404342,28.1140034098289],[-15.6921894697128,28.1149291301769],[-15.6930599803422,28.1164641802011],[-15.6960157403593,28.1161950603079],[-15.6988939398346,28.1147758197479],[-15.6992542999092,28.116187649847],[-15.7020339101804,28.1162257297701],[-15.7029842900218,28.1173791800922],[-15.7052564096497,28.1168881797715],[-15.7064627204138,28.115931450258],[-15.7053725797822,28.1139484700264],[-15.7061477602954,28.1119901796687],[-15.706280119866,28.1085737697504],[-15.707654229637,28.107450079758],[-15.7110654903003,28.1069639403751],[-15.7131069099868,28.1028497803067],[-15.711947350245,28.1013587396916],[-15.7091488798444,28.1002010796715],[-15.7082043103063,28.0988212501259],[-15.7072673998043,28.0944137896546],[-15.707927219567,28.0908782097029],[-15.7076864001039,28.0887680796205],[-15.7104060900508,28.0862924203467],[-15.7102203498911,28.0842072897191],[-15.7136884298944,28.0790331903354],[-15.7199747701841,28.0725696596416],[-15.721373089552,28.0702839599791],[-15.7268496695799,28.0661189896585],[-15.7309688601793,28.0638331900257],[-15.7340327099828,28.0641056999798],[-15.7340221296254,28.0623978896672],[-15.7353722804295,28.0595273598679],[-15.736915649868,28.0582914402627],[-15.7378355597532,28.0545701699489],[-15.7406502698976,28.0528236697031],[-15.7421946795852,28.0529471302499],[-15.7460512001005,28.0509417500749]]]},"properties":{"OBJECTID":8118,"INSPIREID":"ES.IGN.SIGLIM34053535001","NATCODE":"34053535001","NAMEUNIT":"Agaete","CODNUT1":"ES7","CODNUT2":"ES70","CODNUT3":"ES705","CODIGOINE":"35001"},"id":8118},{"type":"Feature","geometry":{"type":"Polygon","coordinates":[[[-15.5454216495982,27.9536739301223],[-15.5447866404053,27.9511730597265],[-15.5433016803249,27.9500501803217],[-15.5411990395534,27.9491234103228],[-15.5394615001646,27.9467555799728],[-15.5364270504236,27.9460105401702],[-15.5355240701882,27.9435972099145],[-15.5320025601885,27.940605030279],[-15.5270384097413,27.9377311200602],[-15.5254607201674,27.9363276502395],[-15.5221533397852,27.9352808298879],[-15.5191953501497,27.9330207502786],[-15.5178238598661,27.9298359903738],[-15.5187801596051,27.9269434298344],[-15.5205279999754,27.9253281103249],[-15.5199514899721,27.9221394598537],[-15.5193129701631,27.9138702399974],[-15.5195508395588,27.9099658602303],[-15.5190575396019,27.9064869699798],[-15.5173320996217,27.900423820104],[-15.517605700406,27.8974333797229],[-15.5161400801554,27.8960631700607],[-15.5162254596333,27.8938701300177],[-15.5133254903853,27.8892985902608],[-15.5146635902898,27.8869413197379],[-15.514487209677,27.8851464603267],[-15.5119113903128,27.8811366503587],[-15.5086426895902,27.8784002399427],[-15.5056098900544,27.8769322300712],[-15.4991196097373,27.8756551200215],[-15.4950396602445,27.8732981202854],[-15.4906995496623,27.8736601496279],[-15.4875459896029,27.8726637000581],[-15.4838743100337,27.872818620246],[-15.4812759195996,27.8716947500129],[-15.4779767597007,27.872724609942],[-15.4747299697861,27.8712387803321],[-15.4726720300815,27.8694887399383],[-15.469136969894,27.8685651802241],[-15.4640616502354,27.8691046802898],[-15.4586133599524,27.8683345596661],[-15.4538002998478,27.868279130007],[-15.4490473100863,27.8650529398379],[-15.441625919689,27.8632293102705],[-15.4365996498417,27.863315129811],[-15.4355087303707,27.8627390999257],[-15.4306795302354,27.8627164699532],[-15.4276752504133,27.8612236397676],[-15.4260154503308,27.8613244797057],[-15.4231484995595,27.8592624096776],[-15.4214292301069,27.8597908603571],[-15.4195975903954,27.8581203401668],[-15.4169883501093,27.8573800698064],[-15.412877239856,27.8548520599324],[-15.409430159769,27.8519140701386],[-15.4083371903426,27.8497408102222],[-15.4084102700876,27.8477702699231],[-15.4040518302803,27.8485148703714],[-15.3978379804408,27.8448353099552],[-15.3966212096935,27.8456494698257],[-15.4031136495605,27.8491368903877],[-15.4001288901295,27.8527854102706],[-15.3977549895833,27.8566072401822],[-15.3941398499781,27.8554142700866],[-15.38947470018,27.8551124602166],[-15.3873125199698,27.857463860001],[-15.3854194597474,27.8575296501221],[-15.3865792701191,27.8603537699951],[-15.3840304496208,27.8645857000816],[-15.3867268300826,27.8664423099592],[-15.3857394504314,27.8713117202042],[-15.383541229812,27.8707536496409],[-15.3825885098593,27.8736829599564],[-15.3808049704397,27.8752288601153],[-15.383367350109,27.8761867901445],[-15.3853538602737,27.8757389103802],[-15.385317100314,27.8779823102232],[-15.3900573896941,27.8797067403218],[-15.3927421899736,27.8846957496404],[-15.393895229743,27.8888838499444],[-15.3937289497873,27.8915067597793],[-15.3904307699503,27.8942983601548],[-15.3890497898641,27.8965302097278],[-15.3868378501737,27.9024932398831],[-15.3939073399314,27.9028755298519],[-15.3965827600027,27.903840799939],[-15.4019105403921,27.9048951703324],[-15.4074057595639,27.9077856700702],[-15.4103211196476,27.9077696201503],[-15.4126193497076,27.9068790903678],[-15.4145705300305,27.9084974599515],[-15.4155685196836,27.9108745597598],[-15.4209411700231,27.9119659397879],[-15.4220880500446,27.9100692799685],[-15.4245001397702,27.9099304801468],[-15.426114019772,27.9080592200997],[-15.4340893302381,27.9067675401383],[-15.4370047900348,27.9070538197209],[-15.4397224003818,27.9083246000397],[-15.4418738196732,27.907967279773],[-15.4454595295714,27.9084617602648],[-15.4503120697344,27.9112161202836],[-15.4534289803268,27.9156933501276],[-15.4576050100292,27.9198489403931],[-15.4612271996127,27.925633539878],[-15.4642896498411,27.9278593998136],[-15.4673989696694,27.9323631797864],[-15.4700175704007,27.9340622496732],[-15.4742534602403,27.9342329001907],[-15.4809276903747,27.9330812396835],[-15.4859260495662,27.9364010097269],[-15.4877099501085,27.9368722100148],[-15.4903635599831,27.9361036302865],[-15.4974001803846,27.9367689801959],[-15.500345749913,27.9358761996116],[-15.5041486302261,27.9374748096242],[-15.5088338897102,27.936882430375],[-15.5099278400969,27.9341704098469],[-15.5124528696132,27.9346285397837],[-15.5136567396547,27.9367819100192],[-15.5166126802331,27.9390002398887],[-15.5182748303084,27.9389376602429],[-15.5217395497142,27.9438717501862],[-15.5241176498844,27.9455737998603],[-15.528060360158,27.9457914500767],[-15.531487060166,27.946703329794],[-15.5328574302505,27.9487130702733],[-15.5375361095751,27.9514840200766],[-15.5447621604155,27.9531119803729],[-15.5454216495982,27.9536739301223]]]},"properties":{"OBJECTID":8119,"INSPIREID":"ES.IGN.SIGLIM34053535002","NATCODE":"34053535002","NAMEUNIT":"Ag├╝imes","CODNUT1":"ES7","CODNUT2":"ES70","CODNUT3":"ES705","CODIGOINE":"35002"},"id":8119},{"type":"Feature","geometry":{"type":"Polygon","coordinates":[[[-14.0596465798294,28.3779342202198],[-14.0590317602725,28.3770544203843],[-14.0232095401781,28.3579709296711],[-13.9804381201323,28.3349352300195],[-13.963791119802,28.3115111503641],[-13.9493461103204,28.2909633996355],[-13.9375673095852,28.2745608502605],[-13.9216331502807,28.2520309296056],[-13.9219248296601,28.2503921698048],[-13.9174877100104,28.2518159498969],[-13.918216249994,28.2549745201833],[-13.9154110700765,28.2563720899769],[-13.9140173402014,28.2599154796402],[-13.9151658497669,28.2612604601795],[-13.9139851903957,28.2650979900964],[-13.9096810303912,28.2712041203682],[-13.9098490198409,28.2739304203835],[-13.9065136102252,28.2758732398709],[-13.9034287901497,28.2758349802424],[-13.9013103102831,28.2797921101374],[-13.900106389936,28.2797688803796],[-13.8985118803066,28.2849071700714],[-13.8969007698109,28.2883754902457],[-13.8990546702491,28.2946857899298],[-13.9028872300008,28.2968377398558],[-13.9031024896991,28.3025962497243],[-13.9022633796804,28.3040670497154],[-13.9004031699497,28.3042687101758],[-13.8981767296539,28.3120004499995],[-13.8939889499877,28.3141725198622],[-13.8935555999997,28.3174129402682],[-13.8959055703251,28.3194880802321],[-13.8956651003067,28.3226226496337],[-13.8946401998226,28.324869940386],[-13.8893222299345,28.3245298001815],[-13.8860322903436,28.3254443802857],[-13.8863730797213,28.3275872098857],[-13.8836583197288,28.3305535096418],[-13.8859632700853,28.3320625300875],[-13.8820031199188,28.336460049976],[-13.8794916199289,28.3376182197994],[-13.8782103303814,28.3414039796634],[-13.8793514504053,28.3430037301329],[-13.8786871202015,28.3453513103495],[-13.8769520898073,28.3476440498856],[-13.8766024403459,28.3519772096451],[-13.8778593702779,28.3554769600638],[-13.872070780199,28.3620695196212],[-13.871799300337,28.3641973796286],[-13.869931519605,28.3637567897043],[-13.8686529798004,28.3681805796347],[-13.8692807602502,28.3694123996056],[-13.8664547798423,28.3730922296599],[-13.8661040595891,28.376804339812],[-13.8639471596761,28.3831835203396],[-13.8636903798454,28.3849544097205],[-13.8618231398993,28.388351480199],[-13.8594240999998,28.389928980144],[-13.8595836003701,28.3936218700375],[-13.8570842599759,28.3949250100158],[-13.8548653403757,28.3919763898682],[-13.8535329699261,28.3919166603004],[-13.8524364296964,28.3945077603153],[-13.8537497001665,28.3973862996237],[-13.8524075803011,28.3987017901545],[-13.8517250098055,28.401892969906],[-13.8528066200351,28.4030663999573],[-13.8510376297299,28.4049577402537],[-13.8489298496967,28.4088155997881],[-13.8492407296671,28.4141470300127],[-13.8514022801582,28.417520149961],[-13.8504051304299,28.4215013799223],[-13.8546374395848,28.4233167798666],[-13.8980405100226,28.432352399769],[-13.9010226203218,28.433297150244],[-13.9038944803862,28.4360281100359],[-13.9058743196617,28.4371370902832],[-13.9126838495526,28.4392947000866],[-13.9214628099398,28.4406200303619],[-13.9254532800438,28.4438919398186],[-13.928550430395,28.4456403301192],[-13.9342159899076,28.4479151397664],[-13.9404977299247,28.4508976496162],[-13.9453254397549,28.4542937502515],[-13.9502836703043,28.454846550301],[-13.9537997302253,28.4545766502509],[-13.9601402398249,28.4516465900489],[-13.9646030998009,28.451779880154],[-13.9671541696807,28.4499037599242],[-13.9746994197893,28.450124149719],[-13.9753871996152,28.4518803999003],[-13.977515669646,28.4535752699079],[-13.9802785200491,28.4530273402636],[-13.9838245998702,28.4506718400846],[-13.9865923299218,28.4496002896876],[-13.990510040081,28.4489524196555],[-13.9939153601853,28.4495643199612],[-13.9997010100783,28.4490211401412],[-14.0020916300686,28.4478472202542],[-14.0058270702601,28.4470170396865],[-14.016653300163,28.4480442997458],[-14.017074820237,28.4499527798798],[-14.0207233897472,28.4485700702081],[-14.0229467596013,28.4489019498856],[-14.0269574804267,28.4481101797574],[-14.02938304039,28.4464305500858],[-14.0324346901737,28.4455225601746],[-14.036778379644,28.4451561899305],[-14.0399364501444,28.4437613601017],[-14.0435700797732,28.4428490898121],[-14.0448377598442,28.440538219737],[-14.0472558098917,28.4385061796297],[-14.0474151297006,28.435537640329],[-14.0467694602003,28.4312366001335],[-14.0447882500957,28.4267086696642],[-14.0452657603647,28.4246991401838],[-14.0450877996154,28.4115194596906],[-14.044479640168,28.4098904503243],[-14.045099050116,28.4057065696619],[-14.0465698096284,28.4044892797535],[-14.0481309998455,28.4011423901325],[-14.0504532400763,28.3994435700985],[-14.0528794001142,28.3940807296798],[-14.0570600300891,28.3911310002177],[-14.0580662698698,28.3869948399709],[-14.0601571804403,28.3813767902677],[-14.0596465798294,28.3779342202198]]]},"properties":{"OBJECTID":8120,"INSPIREID":"ES.IGN.SIGLIM34053535003","NATCODE":"34053535003","NAMEUNIT":"Antigua","CODNUT1":"ES7","CODNUT2":"ES70","CODNUT3":"ES704","CODIGOINE":"35003"},"id":8120},{"type":"Feature","geometry":{"type":"MultiPolygon","coordinates":[[[[-13.5497394396197,28.9525657898439],[-13.5467506602278,28.9528521101],[-13.5474352097119,28.9543097297225],[-13.5474663902355,28.9581039598371],[-13.5498037697738,28.9556068398792],[-13.5480656303104,28.953544949887],[-13.5497394396197,28.9525657898439]]],[[[-13.5846749803079,29.0034460996605],[-13.5892886898779,29.0038925700987],[-13.5836443800134,28.9517723998286],[-13.5827994596914,28.9529027602992],[-13.5791170596276,28.9530435002335],[-13.5757135298656,28.9525247001438],[-13.5749078802947,28.9547867497957],[-13.569253720403,28.9540002600918],[-13.5656092103796,28.9545146596696],[-13.5634855598103,28.9559034297151],[-13.5595182797154,28.9562310097732],[-13.5582850599169,28.9582952396561],[-13.5549790297026,28.9566624400868],[-13.5512660303253,28.9569266298711],[-13.5468219702917,28.9588406199791],[-13.545436880413,28.9599302401832],[-13.5429325804201,28.9569656796978],[-13.5396678798954,28.9598677399202],[-13.5357366402097,28.9655663499463],[-13.5372237499586,28.9658353898619],[-13.5406506296297,28.9597403302214],[-13.5425483601933,28.9624195101426],[-13.5396147202918,28.9662131499164],[-13.5371571003544,28.9680310396919],[-13.5362902602412,28.9697597199152],[-13.5325349295528,28.9713883103166],[-13.531244670327,28.9732251402499],[-13.5294774002955,28.9730849000695],[-13.5283896896068,28.9712636002267],[-13.526296470366,28.9715330701526],[-13.5251411497741,28.973443640372],[-13.5251473598276,28.9755661199308],[-13.523123810327,28.9763425698424],[-13.5201105204026,28.974477490277],[-13.516317240385,28.9767233697622],[-13.5152962296061,28.9793002902132],[-13.5156013396974,28.9812204400481],[-13.517849769853,28.981191499609],[-13.5415453300931,28.9821744303572],[-13.5469215799819,28.9829454297743],[-13.549220499948,28.9844331501447],[-13.5515929299522,28.9879431597635],[-13.5520040996375,28.9915123499437],[-13.5542777203502,28.9940998298718],[-13.5537716903675,28.9985977199423],[-13.551592339759,29.0024991102418],[-13.5542625397202,29.0030882797221],[-13.5565988502634,29.0070219800735],[-13.5613559803601,29.0053411201559],[-13.5669558900934,29.0056635297366],[-13.5739982300683,29.003520119622],[-13.5761050596839,29.0018557198918],[-13.5771577396698,29.0029498297019],[-13.5846749803079,29.0034460996605]]]]},"properties":{"OBJECTID":8121,"INSPIREID":"ES.IGN.SIGLIM34053535004","NATCODE":"34053535004","NAMEUNIT":"Arrecife","CODNUT1":"ES7","CODNUT2":"ES70","CODNUT3":"ES708","CODIGOINE":"35004"},"id":8121},{"type":"Feature","geometry":{"type":"Polygon","coordinates":[[[-15.7728518598838,28.0318295603895],[-15.7679976497527,28.0286934602615],[-15.7663552796816,28.0283038598385],[-15.7648962602517,28.0256374299841],[-15.758315780097,28.024898530331],[-15.758985749924,28.0236806498316],[-15.749440319987,28.0159791302067],[-15.7483595200377,28.0138916197603],[-15.7484554996359,28.0094689597594],[-15.7465016701812,28.0048585201842],[-15.747605570308,28.0038876197503],[-15.7473990404376,28.0013801103079],[-15.7481373397185,27.9995971898362],[-15.7484249003224,27.9915974203962],[-15.75012060966,27.9887511798679],[-15.7495918496057,27.9880062499014],[-15.7458571101002,27.9882214998393],[-15.7428922196066,27.986983189869],[-15.7404146103575,27.9871019203669],[-15.7399824704002,27.9848659797722],[-15.7381569697753,27.9844619901706],[-15.7348310697253,27.9819793802094],[-15.7307756702909,27.9816098701306],[-15.726271200351,27.9801811103477],[-15.7246517804389,27.9807083301629],[-15.7219536401774,27.984041629667],[-15.7218066398643,27.9863838699161],[-15.7151470001667,27.9897474100021],[-15.7120175904154,27.9896400099077],[-15.7089704097502,27.992728610327],[-15.7048220598368,27.9932606097807],[-15.7019006199552,27.9929923497139],[-15.69677885021,27.9906222701117],[-15.6949954599107,27.9904910698664],[-15.6940745996079,27.9881310698669],[-15.6920413303359,27.9876580601984],[-15.6903957299232,27.9897015400516],[-15.6909816003717,27.9910108201781],[-15.6884873201875,27.9930775197577],[-15.6862936198906,27.9922475601056],[-15.6845273299211,27.9928818497848],[-15.6789492097233,27.9935539196348],[-15.6785219404315,27.9953123001313],[-15.6746939001039,27.9982915000259],[-15.6736341602582,28.0011314899844],[-15.6703691102889,28.0043177099579],[-15.6667882000892,28.0047077501164],[-15.6610891702475,28.0043011199825],[-15.6576383396942,28.0019472599638],[-15.6542607703457,28.0020741196302],[-15.6496861599484,28.0014178502101],[-15.6488434198377,28.0023509897146],[-15.6450653303315,28.0018451702797],[-15.6413950997448,28.0038412299678],[-15.6387461404485,28.0035632303171],[-15.6336129198784,28.0082715103874],[-15.6333979898618,28.0092200797249],[-15.6286140504438,28.0112561700259],[-15.6252086503894,28.0141224000656],[-15.6248963196398,28.0155464203231],[-15.6215980697342,28.0176820700351],[-15.6174403000867,28.0161416398266],[-15.6132919995806,28.0170664803081],[-15.6138260498136,28.0186558096756],[-15.6172769899613,28.0208964900252],[-15.618631570358,28.0217837797471],[-15.6224211600965,28.026469539862],[-15.6238668000186,28.0273468200581],[-15.6291425598681,28.0287137797062],[-15.6312410297617,28.0296753199919],[-15.6332170098747,28.0291914397822],[-15.6368264595509,28.0304800199946],[-15.6389782399651,28.0322050402727],[-15.6416339599823,28.0326639797597],[-15.6454354200589,28.0349642901669],[-15.6464057901102,28.0349144899945],[-15.6493474699335,28.0373841398881],[-15.6527774496907,28.0419729601623],[-15.6565044996174,28.0440745198411],[-15.6578239495982,28.0433265196418],[-15.6609507299807,28.0455304302597],[-15.6626192904338,28.0449040499748],[-15.6654386996655,28.0457567401551],[-15.6659503899328,28.0470023898285],[-15.6692127997535,28.0495036700637],[-15.6701180697945,28.0481846502106],[-15.6741874101838,28.0513040703688],[-15.6755976699585,28.0534834096611],[-15.6812929196895,28.0553846003353],[-15.6837304497039,28.0534222798416],[-15.685562840407,28.0510649701892],[-15.689341750075,28.0476357996703],[-15.6928693003468,28.0493549897139],[-15.6954807100643,28.0523272503566],[-15.6991352497778,28.0499986801683],[-15.7007845701142,28.0478386600743],[-15.7033050999693,28.0460296297124],[-15.7062606300176,28.0429864102924],[-15.70850083969,28.042712529879],[-15.7083244096699,28.040932060263],[-15.7115089499285,28.0398474202479],[-15.7144343998895,28.0376659001088],[-15.714774490378,28.0341176896521],[-15.7166491602899,28.032939309844],[-15.7250117901705,28.0295637903833],[-15.7329919497424,28.0289789502891],[-15.7408859797433,28.0293145397026],[-15.7437877195707,28.0318924199691],[-15.7422739999264,28.0343846103561],[-15.7422234795732,28.0369846098154],[-15.7449805699786,28.0384235002453],[-15.7446001496254,28.0410610202804],[-15.7474541404022,28.0441192400096],[-15.748492109577,28.0476656697421],[-15.7457023699026,28.0497306898738],[-15.7460512001005,28.0509417500749],[-15.7504750300739,28.0497012199465],[-15.750667469869,28.0486954900151],[-15.7533537002665,28.0472518397572],[-15.7550386100578,28.0473969402785],[-15.7568583300238,28.0461619903884],[-15.7612644398299,28.0449001603284],[-15.7637743498018,28.0463692299597],[-15.7654032397536,28.0462202503454],[-15.7677568796969,28.0431091202066],[-15.7683255698656,28.0403816599204],[-15.7677459498949,28.0372706503142],[-15.7728518598838,28.0318295603895]]]},"properties":{"OBJECTID":8122,"INSPIREID":"ES.IGN.SIGLIM34053535005","NATCODE":"34053535005","NAMEUNIT":"Artenara","CODNUT1":"ES7","CODNUT2":"ES70","CODNUT3":"ES705","CODIGOINE":"35005"},"id":8122},{"type":"Feature","geometry":{"type":"Polygon","coordinates":[[[-15.561208060293,28.1339297397314],[-15.5626948196989,28.1342362303307],[-15.5625738498678,28.1356294401785],[-15.5636987903352,28.1363290596057],[-15.5636692303725,28.1380276803179],[-15.5620650395993,28.1394475398296],[-15.5588022695542,28.1405737698876],[-15.5579712497629,28.1416312502954],[-15.5537486298367,28.1431527997999],[-15.5521013495743,28.1443093996477],[-15.5484821100582,28.144343989883],[-15.5445388302527,28.1426325000586],[-15.5452510101184,28.1401477799113],[-15.5432945000908,28.1396234296448],[-15.5438369298088,28.1366918902708],[-15.541979409634,28.1314833897448],[-15.5411971800408,28.1270356500997],[-15.5416643498026,28.1243838501153],[-15.5450984097078,28.1206182201797],[-15.5455822396249,28.1180425499527],[-15.5485131396647,28.1121667999177],[-15.5488455603373,28.1102880402971],[-15.5446526396127,28.1072613196982],[-15.5442402401337,28.1045214298841],[-15.5459685798758,28.1002734202679],[-15.5457143701251,28.0990520803637],[-15.5476440600515,28.0958064297057],[-15.5489478398206,28.0952000898662],[-15.5516730795593,28.0904445997247],[-15.5490264298316,28.0862540001067],[-15.5494127098953,28.0849209801378],[-15.5464837097923,28.0862090097807],[-15.5425903601469,28.0866507499617],[-15.5396211703164,28.0863779698826],[-15.5374100696525,28.0848023400981],[-15.5299168203208,28.082935970051],[-15.5208826000523,28.0845422597747],[-15.5190742204185,28.086730609668],[-15.5187059902037,28.0901228598685],[-15.5148898103328,28.0950369302267],[-15.5066110902863,28.100014529618],[-15.5045028799601,28.1003744299736],[-15.5054250401251,28.1025906502262],[-15.5042417001811,28.1053409300217],[-15.499546790096,28.1046845901585],[-15.5002460997985,28.1077494901646],[-15.4998738397415,28.1110736402238],[-15.4971358600954,28.1136752601662],[-15.4970601797277,28.1180347601103],[-15.4962347097282,28.1216414798127],[-15.4923237701713,28.1229264098704],[-15.4918661396195,28.1252450098296],[-15.4899907798014,28.126459919607],[-15.4870189695853,28.1299466796192],[-15.4863413200608,28.1327427900786],[-15.4847578004207,28.1349889801714],[-15.4866044402008,28.1380173000225],[-15.4883838096408,28.1387629098674],[-15.488829480023,28.140476440257],[-15.4907900998429,28.1416528601298],[-15.4923397503019,28.1409161200277],[-15.4969900796945,28.1443268599197],[-15.4980595896172,28.1430465699895],[-15.5007696702855,28.1428606703401],[-15.5035540802553,28.1457219298564],[-15.5063964198828,28.1463613902442],[-15.5088736796874,28.1481819696369],[-15.5171621096238,28.147420659845],[-15.5188436300715,28.1493415400637],[-15.520726669587,28.1499590601972],[-15.5216078602868,28.1529499299084],[-15.5239457303053,28.1538807099486],[-15.5259443299972,28.153740350296],[-15.5293676801876,28.1552328499296],[-15.5334314797682,28.1521488499209],[-15.5348814702312,28.1504452398389],[-15.5380339298544,28.151329269605],[-15.5391752699656,28.1496322403931],[-15.5407765600787,28.1498940297731],[-15.5426398501326,28.1475766903024],[-15.5464142098337,28.1463881896589],[-15.5490250302563,28.1469094398713],[-15.5521290599059,28.1460926701765],[-15.5561090601453,28.1459050696549],[-15.5594045998336,28.147095339622],[-15.5587861600662,28.1446198099549],[-15.5590867004276,28.141527490394],[-15.563691119621,28.1392577199808],[-15.5646438099292,28.1363207601492],[-15.5628350296468,28.1356357600688],[-15.5631744904162,28.1341871796309],[-15.561208060293,28.1339297397314]]]},"properties":{"OBJECTID":8123,"INSPIREID":"ES.IGN.SIGLIM34053535006","NATCODE":"34053535006","NAMEUNIT":"Arucas","CODNUT1":"ES7","CODNUT2":"ES70","CODNUT3":"ES705","CODIGOINE":"35006"},"id":8123},{"type":"Feature","geometry":{"type":"Polygon","coordinates":[[[-14.1547974399755,28.4049655699963],[-14.1520363700333,28.4059776302678],[-14.1348283502486,28.4041806703911],[-14.1313658496815,28.4018839902133],[-14.1273868896913,28.3978499301079],[-14.1291110998779,28.3954698400973],[-14.1275028199736,28.3936623900633],[-14.1242307496703,28.3918541797953],[-14.1227199998565,28.3881345900111],[-14.1177293598882,28.3880473300803],[-14.1137137701939,28.3873172402622],[-14.1112269397384,28.3880953797545],[-14.1062234403868,28.3869885397093],[-14.1037039804252,28.3880001196737],[-14.101433270254,28.3861347599196],[-14.0993760698628,28.3831695402421],[-14.0967431697488,28.3807059699722],[-14.0897254804437,28.3754050299345],[-14.0852547997349,28.377839339871],[-14.0824464604425,28.3804020397688],[-14.0781118601263,28.3800379401131],[-14.0765788204152,28.3790978503011],[-14.0744879296077,28.3801126898629],[-14.0724797296203,28.3798282598999],[-14.0677403196909,28.3779094303796],[-14.0643053902165,28.3773885602348],[-14.0626575898297,28.3755900201943],[-14.0596465798294,28.3779342202198],[-14.0601571804403,28.3813767902677],[-14.0580662698698,28.3869948399709],[-14.0570600300891,28.3911310002177],[-14.0528794001142,28.3940807296798],[-14.0504532400763,28.3994435700985],[-14.0481309998455,28.4011423901325],[-14.0465698096284,28.4044892797535],[-14.045099050116,28.4057065696619],[-14.044479640168,28.4098904503243],[-14.0450877996154,28.4115194596906],[-14.0452657603647,28.4246991401838],[-14.0447882500957,28.4267086696642],[-14.0467694602003,28.4312366001335],[-14.0474151297006,28.435537640329],[-14.0472558098917,28.4385061796297],[-14.0448377598442,28.440538219737],[-14.0435700797732,28.4428490898121],[-14.0399364501444,28.4437613601017],[-14.036778379644,28.4451561899305],[-14.0324346901737,28.4455225601746],[-14.02938304039,28.4464305500858],[-14.0269574804267,28.4481101797574],[-14.0229467596013,28.4489019498856],[-14.0207233897472,28.4485700702081],[-14.017074820237,28.4499527798798],[-14.0208176796144,28.452749900011],[-14.0224076401751,28.4564449303433],[-14.0282444697848,28.4615053101336],[-14.0407040596564,28.469618910229],[-14.0433516301573,28.4716783800732],[-14.0436046002329,28.4742165402753],[-14.0409378300394,28.4776728796947],[-14.0405567997302,28.4791414697308],[-14.0414230298873,28.4861699898772],[-14.0441910797392,28.4896465101573],[-14.0460081200307,28.4898217403868],[-14.0516292704289,28.4884718903841],[-14.0541125300812,28.4907006102413],[-14.0559458703035,28.4913451799446],[-14.0600819097043,28.4950204196289],[-14.0630959200776,28.4938777199549],[-14.0654087495575,28.4922959798855],[-14.0678904901587,28.4925296303165],[-14.0698797096424,28.4917218503811],[-14.072308570016,28.4920453299054],[-14.0747673101526,28.4912858096343],[-14.0796912897369,28.4937210900169],[-14.0820094803624,28.4926716497786],[-14.0848396496146,28.492672660351],[-14.089652800449,28.4944949300143],[-14.0914173602632,28.4942045000806],[-14.0945666003245,28.4879325598167],[-14.0949854101813,28.485423399872],[-14.0971469400112,28.4819627502626],[-14.0980733501058,28.4789749501491],[-14.0991382902987,28.4786769303883],[-14.1009575197846,28.4750740396621],[-14.1059310800843,28.4724242799525],[-14.1082826404278,28.4697346001608],[-14.1102017796412,28.4685376799731],[-14.1119206502418,28.4661208997579],[-14.1180232599031,28.461124039858],[-14.1192766495746,28.461351490266],[-14.1226180698178,28.459188769748],[-14.1230089402726,28.4578653496431],[-14.1274569501986,28.4566158600204],[-14.1287611395994,28.4541303001539],[-14.1330588299373,28.4512486300883],[-14.1350367701743,28.4481471996791],[-14.1371454503194,28.4464113202679],[-14.1390804501875,28.4464407202617],[-14.1408100403844,28.4430776798381],[-14.143239729903,28.4403860502741],[-14.1450586000628,28.4403677000963],[-14.1467779898896,28.4379838497901],[-14.146538809852,28.434322240059],[-14.1485598701209,28.4323762099621],[-14.1499992200394,28.4321721899047],[-14.1512713198216,28.4301492397526],[-14.1509255798283,28.4245968802692],[-14.1493255401701,28.4228195596821],[-14.149797419799,28.4208809799525],[-14.1520886501863,28.4202246203473],[-14.1551126201811,28.4151048000935],[-14.1577235798426,28.4114400798828],[-14.157299399857,28.4102134999821],[-14.1581013402842,28.4065303500929],[-14.1547974399755,28.4049655699963]]]},"properties":{"OBJECTID":8124,"INSPIREID":"ES.IGN.SIGLIM34053535007","NATCODE":"34053535007","NAMEUNIT":"Betancuria","CODNUT1":"ES7","CODNUT2":"ES70","CODNUT3":"ES704","CODIGOINE":"35007"},"id":8124},{"type":"Feature","geometry":{"type":"Polygon","coordinates":[[[-15.5771057803363,28.0778819496809],[-15.5712325698559,28.0773007797274],[-15.5686316201216,28.0778068698562],[-15.5621401701981,28.0779319399893],[-15.5588471197414,28.0785148399146],[-15.5562098097976,28.0782461503251],[-15.5529965701623,28.0799417899728],[-15.5506318503983,28.0822567498957],[-15.5494127098953,28.0849209801378],[-15.5490264298316,28.0862540001067],[-15.5516730795593,28.0904445997247],[-15.5489478398206,28.0952000898662],[-15.5476440600515,28.0958064297057],[-15.5457143701251,28.0990520803637],[-15.5459685798758,28.1002734202679],[-15.5442402401337,28.1045214298841],[-15.5446526396127,28.1072613196982],[-15.5488455603373,28.1102880402971],[-15.5485131396647,28.1121667999177],[-15.5455822396249,28.1180425499527],[-15.5450984097078,28.1206182201797],[-15.5416643498026,28.1243838501153],[-15.5411971800408,28.1270356500997],[-15.541979409634,28.1314833897448],[-15.5438369298088,28.1366918902708],[-15.5432945000908,28.1396234296448],[-15.5452510101184,28.1401477799113],[-15.5445388302527,28.1426325000586],[-15.5484821100582,28.144343989883],[-15.5521013495743,28.1443093996477],[-15.5537486298367,28.1431527997999],[-15.5579712497629,28.1416312502954],[-15.5588022695542,28.1405737698876],[-15.5620650395993,28.1394475398296],[-15.5636692303725,28.1380276803179],[-15.5636987903352,28.1363290596057],[-15.5625738498678,28.1356294401785],[-15.5626948196989,28.1342362303307],[-15.561208060293,28.1339297397314],[-15.5603319396846,28.1322215897591],[-15.5611828203285,28.1266351201102],[-15.5624867599976,28.1252910802498],[-15.5621971099124,28.1230710500625],[-15.5631652000396,28.1220242896414],[-15.5641691203702,28.1181812101624],[-15.5695661204437,28.1133486703885],[-15.5715400703642,28.1096203302703],[-15.5705218398712,28.1079005397059],[-15.572939309607,28.1055135398538],[-15.5743917596573,28.0974121203345],[-15.5753691302796,28.0964599797581],[-15.5741119003103,28.0936447002027],[-15.5753589002652,28.0910972100355],[-15.5740365999299,28.0902588299672],[-15.5773505299288,28.0851825899336],[-15.5777618397513,28.0827896700261],[-15.5771057803363,28.0778819496809]]]},"properties":{"OBJECTID":8125,"INSPIREID":"ES.IGN.SIGLIM34053535008","NATCODE":"34053535008","NAMEUNIT":"Firgas","CODNUT1":"ES7","CODNUT2":"ES70","CODNUT3":"ES705","CODIGOINE":"35008"},"id":8125},{"type":"Feature","geometry":{"type":"Polygon","coordinates":[[[-15.7052564096497,28.1168881797715],[-15.7029842900218,28.1173791800922],[-15.7020339101804,28.1162257297701],[-15.6992542999092,28.116187649847],[-15.6988939398346,28.1147758197479],[-15.6960157403593,28.1161950603079],[-15.6930599803422,28.1164641802011],[-15.6921894697128,28.1149291301769],[-15.6888837404342,28.1140034098289],[-15.6853672699831,28.1095317201591],[-15.68438644983,28.1097826096135],[-15.6809160899025,28.1065545701024],[-15.6802089998913,28.1044618402048],[-15.6786805397915,28.1030144399778],[-15.6776736002233,28.1001803402815],[-15.6740511896541,28.0962358100836],[-15.6729667102055,28.0930853596065],[-15.6689106100852,28.0894581698079],[-15.6647074602444,28.0896002097506],[-15.6632831301574,28.0878877001349],[-15.6633655496864,28.0846790699019],[-15.6597773703195,28.0836807296934],[-15.6594068197564,28.0806688199676],[-15.6602480399177,28.0792129899773],[-15.6585548701174,28.0751129597385],[-15.6587366999107,28.0729198202496],[-15.6569851701596,28.0724227098054],[-15.6525424998197,28.0692473299338],[-15.65285080971,28.0640887101901],[-15.6517230997366,28.0626543002797],[-15.6512080901944,28.0586201801804],[-15.6536685299435,28.0573451203659],[-15.6546402097385,28.0555410698971],[-15.6582177898834,28.0559552699061],[-15.6601796799212,28.0550917498474],[-15.6619746297416,28.0529854300084],[-15.661550979762,28.0498932000622],[-15.6658864999531,28.0489195797388],[-15.6692127997535,28.0495036700637],[-15.6659503899328,28.0470023898285],[-15.6654386996655,28.0457567401551],[-15.6626192904338,28.0449040499748],[-15.6609507299807,28.0455304302597],[-15.6578239495982,28.0433265196418],[-15.6565044996174,28.0440745198411],[-15.6527774496907,28.0419729601623],[-15.6493474699335,28.0373841398881],[-15.6464057901102,28.0349144899945],[-15.6454354200589,28.0349642901669],[-15.6416339599823,28.0326639797597],[-15.6389782399651,28.0322050402727],[-15.6368264595509,28.0304800199946],[-15.6332170098747,28.0291914397822],[-15.6312410297617,28.0296753199919],[-15.6291425598681,28.0287137797062],[-15.6238668000186,28.0273468200581],[-15.6224211600965,28.026469539862],[-15.618631570358,28.0217837797471],[-15.6172769899613,28.0208964900252],[-15.6160492400046,28.021269100086],[-15.6162663897582,28.0268358899776],[-15.6176765902441,28.0301969500459],[-15.6174679996385,28.0326129796199],[-15.6190325297918,28.034279030096],[-15.618001860327,28.0380620396541],[-15.6186499696517,28.0386269496913],[-15.6204442098029,28.0392607101489],[-15.6224186304406,28.041634709751],[-15.6232082801181,28.0445144503704],[-15.625868310252,28.0473828503485],[-15.6292243999838,28.0518103503259],[-15.6298576898012,28.0536535596523],[-15.6294766900347,28.0603850296921],[-15.6326319595881,28.0607291696797],[-15.63286653037,28.0623046896488],[-15.6350566499821,28.0634661201013],[-15.6376804995697,28.0669154696734],[-15.6355898899348,28.0709649196054],[-15.6359744596062,28.0750139601066],[-15.6372383398037,28.078921290263],[-15.6349800102137,28.085140040175],[-15.6369570602202,28.0888746897291],[-15.6362459502481,28.0947956696266],[-15.6368371198584,28.0975257199516],[-15.6358009697721,28.0999630099031],[-15.6369470098688,28.1026430403287],[-15.6352468502773,28.1047173096637],[-15.635705150074,28.1066648201637],[-15.6335169995689,28.1067275202892],[-15.6320778400933,28.1080221802707],[-15.6315256097555,28.1119630301529],[-15.6346646099208,28.1137766098387],[-15.6381744696697,28.1138845499789],[-15.6387896000436,28.1159121701758],[-15.6384036298987,28.1198352199278],[-15.6406203297617,28.1248715797912],[-15.641892130405,28.1322698103518],[-15.6437583597465,28.1354046901208],[-15.64136182974,28.136434220326],[-15.635857959792,28.1373187602327],[-15.6347873898572,28.1388880198479],[-15.6388252802284,28.1407237497553],[-15.6416779900076,28.1440615296984],[-15.6398519198508,28.1461740602949],[-15.6398139696234,28.1478838396755],[-15.641201449919,28.1532581996464],[-15.6463250998382,28.1604327501937],[-15.6497158196242,28.1629484698902],[-15.6495886397395,28.1655160898915],[-15.6537744197559,28.1655855401642],[-15.6557425899159,28.1639576299474],[-15.659963089818,28.162556270232],[-15.6642716803135,28.1597669397207],[-15.6656722203168,28.1582950999803],[-15.6678593898616,28.1595120901222],[-15.6703872697323,28.1588416898665],[-15.6732724095916,28.1596038403243],[-15.6750174795575,28.161767090224],[-15.6763321397213,28.1604255502913],[-15.6788875197178,28.1629891403353],[-15.6811978303217,28.1622194198014],[-15.6814955796176,28.1642029203785],[-15.6807355303271,28.166906589871],[-15.6820016302615,28.1697969597059],[-15.6853163399981,28.1707742602049],[-15.6871749902535,28.1691238901792],[-15.6908079497391,28.1695325803424],[-15.691724889794,28.1665509399026],[-15.6932268298299,28.1648968696921],[-15.6954993797508,28.1652292696713],[-15.6987286102965,28.1630852401784],[-15.7040856200685,28.1642394001229],[-15.7053030798237,28.1658344697943],[-15.7071442398805,28.1651497796631],[-15.7089622503525,28.1658995301322],[-15.7094149895776,28.162576260234],[-15.7080290301297,28.1609180103056],[-15.7063527001477,28.1573764601407],[-15.704444290412,28.1571055603956],[-15.7007722101942,28.1545418500293],[-15.6981965004245,28.1534465199169],[-15.6962325101255,28.1516538799648],[-15.6973799003901,28.148448069839],[-15.6996976697059,28.1479551199894],[-15.7030693101735,28.1441637900729],[-15.7039789702814,28.1421768503471],[-15.7007429700317,28.1403510802342],[-15.6992194300048,28.1346900696402],[-15.6997482996536,28.1317690201791],[-15.7038977203589,28.131148399878],[-15.704745570087,28.1298487097375],[-15.7044504896858,28.1275456997293],[-15.7089548401498,28.1214718503093],[-15.7085089496804,28.1197780298633],[-15.7061622698839,28.1193342797519],[-15.7052564096497,28.1168881797715]]]},"properties":{"OBJECTID":8126,"INSPIREID":"ES.IGN.SIGLIM34053535009","NATCODE":"34053535009","NAMEUNIT":"G├íldar","CODNUT1":"ES7","CODNUT2":"ES70","CODNUT3":"ES705","CODIGOINE":"35009"},"id":8126},{"type":"Feature","geometry":{"type":"MultiPolygon","coordinates":[[[[-13.5296151803005,29.3038931196112],[-13.5305370700727,29.3050836102184],[-13.5332136399876,29.3035184997179],[-13.5350355302833,29.3066463701962],[-13.5378038900539,29.3049242500097],[-13.5399129798308,29.302280729816],[-13.5395665104055,29.2984859500134],[-13.5373230596116,29.2947434902422],[-13.5399931302154,29.2902805497797],[-13.5383610099218,29.2888702903126],[-13.5369922999239,29.2896376897714],[-13.5345831701472,29.289227750203],[-13.5331187500458,29.2910002399087],[-13.5313026700533,29.2902944602481],[-13.5323503796608,29.2948450599928],[-13.5296133701952,29.2991347402829],[-13.5296151803005,29.3038931196112]]],[[[-13.5303614700959,29.1353024899066],[-13.528906029554,29.121253659921],[-13.5281748799645,29.1192602398015],[-13.523059030117,29.1169379600533],[-13.5191968196726,29.1168674000074],[-13.5048986901298,29.1107851397752],[-13.5047576402572,29.1091681896442],[-13.4982341096982,29.1062688703328],[-13.4959691999488,29.1016771196293],[-13.4936943099165,29.0991960499541],[-13.4820182899245,29.0925461201692],[-13.4750243296176,29.0896133099835],[-13.4715890803429,29.0877693501652],[-13.4681519499961,29.086754630107],[-13.4624277295971,29.0841605400695],[-13.4547529999167,29.0821754798814],[-13.4515120400684,29.0806830596981],[-13.4515256702062,29.0818319799633],[-13.4485108998582,29.0857145097698],[-13.4476067796607,29.0889373903174],[-13.4479753099127,29.0942315701982],[-13.4490372703938,29.0961091303772],[-13.4489856298414,29.1003074399427],[-13.449928300341,29.1018533396572],[-13.4537833503142,29.1033759902645],[-13.4550343603486,29.1053359996203],[-13.4548723599668,29.1075820302686],[-13.4566101401042,29.1079837697613],[-13.4590802600988,29.1113727498929],[-13.4606080096311,29.1119443798342],[-13.4635258302004,29.115233739613],[-13.4639467798443,29.1185097996859],[-13.4628507498577,29.1201350996998],[-13.4647040201029,29.1226713598252],[-13.4642243197412,29.1279106600329],[-13.4592795603278,29.1317820796314],[-13.4547454495768,29.1379284997576],[-13.4523653201124,29.1389992498664],[-13.4496305402654,29.1437657103285],[-13.4463517900896,29.143198020175],[-13.4454152901177,29.1449775299209],[-13.4470760001936,29.1462366903163],[-13.4447496995776,29.1480144998672],[-13.4428302504454,29.1476899000637],[-13.4416362996013,29.1493571898112],[-13.438696499952,29.1504987901282],[-13.432869140382,29.1540683097778],[-13.4294876202428,29.1540927700221],[-13.4275736104096,29.1581978796693],[-13.4276179997611,29.1617883997938],[-13.4270067599906,29.1638880502159],[-13.4242280201869,29.1652179896932],[-13.4269277702294,29.1693384797334],[-13.4250965796755,29.1708880298678],[-13.4262546095864,29.1729581996856],[-13.4220892096488,29.1772677297374],[-13.4221963202717,29.1792722999637],[-13.4202035802905,29.1841686403307],[-13.4204157803269,29.1873656103649],[-13.4217041998029,29.1891179100355],[-13.4208401399755,29.1928914396903],[-13.4214694502562,29.1962530401378],[-13.419153679692,29.1975089101564],[-13.4206327504174,29.2003833303034],[-13.4195423699357,29.2014686698201],[-13.4222606198832,29.2031503100509],[-13.4222016697393,29.2043804703534],[-13.424288019563,29.205624189729],[-13.4234501096936,29.2082889999386],[-13.4271146000456,29.2090477196226],[-13.4283762299632,29.2079291502855],[-13.430567479656,29.2095214202458],[-13.434079770246,29.2100814500776],[-13.4368711403626,29.2142948702174],[-13.4378643797245,29.216762780185],[-13.4406339001185,29.2179582699398],[-13.4421573799583,29.2169364703437],[-13.444297950296,29.2172122398623],[-13.4457145800243,29.220607269878],[-13.4489193799875,29.2208511199479],[-13.448330289977,29.2223287198025],[-13.4521567600495,29.2229659302587],[-13.4532229003916,29.2253353103603],[-13.4547612096201,29.2263394098633],[-13.4603486201946,29.2257017900003],[-13.4618338704308,29.2247551202428],[-13.4660495400917,29.226762630117],[-13.4679861596222,29.2306669397062],[-13.4687036700908,29.2336097502202],[-13.4687012796738,29.236880899964],[-13.4705205495838,29.2388012700288],[-13.4716269003147,29.2353875203297],[-13.4737943698053,29.2318703697218],[-13.4775354603998,29.2285100700654],[-13.4804204196978,29.2270286600113],[-13.4819332598913,29.2253168401343],[-13.4843694801621,29.2245377196931],[-13.4891808900615,29.2212433503283],[-13.4949295895519,29.21960532038],[-13.4971352697814,29.2179732996374],[-13.4974016103817,29.2143848203003],[-13.4968319096083,29.2104275997943],[-13.4978424397427,29.2069412299187],[-13.5029409601901,29.2053189900702],[-13.503544910132,29.2031816299722],[-13.5060901400642,29.2008674202179],[-13.506465319646,29.1968387397832],[-13.5077739404361,29.1953192500256],[-13.5096240998155,29.1956051702768],[-13.5097607497399,29.1887871803379],[-13.5111020296805,29.1874873001382],[-13.5110024496346,29.1854819296895],[-13.5122897300469,29.1842148203134],[-13.5117489101099,29.1823561603731],[-13.5130147998386,29.1810716596645],[-13.5131999201608,29.1787879002641],[-13.515058549755,29.1767528302628],[-13.5177065604303,29.1723016903052],[-13.5209254603503,29.1708284497764],[-13.5220577795794,29.1688727802394],[-13.522633589795,29.1654246902173],[-13.5218043396849,29.1588612900471],[-13.5227747995678,29.1577881903022],[-13.5217418304158,29.1538224102151],[-13.5229526498244,29.1527600802786],[-13.5235809800431,29.1467072696956],[-13.5245781297714,29.1414544499098],[-13.5280701301141,29.1385581803877],[-13.5303614700959,29.1353024899066]]],[[[-13.488756240257,29.249999559708],[-13.4886055802074,29.2536122196523],[-13.4867205599068,29.2564668297298],[-13.4838172399428,29.259559830345],[-13.4811248596789,29.260554380201],[-13.4775755998217,29.2599924203016],[-13.4754988098692,29.2613160197991],[-13.47426430009,29.263922480054],[-13.4720700401427,29.2644866698271],[-13.4724831600705,29.268541330328],[-13.473250209932,29.2703205896952],[-13.4757900697354,29.2725523298397],[-13.4796343003993,29.2772037400307],[-13.4830047595824,29.2796676900683],[-13.4890777598736,29.2800740096226],[-13.4950105403354,29.2790960000666],[-13.4964713698707,29.2802025400765],[-13.4963579297183,29.2818337000925],[-13.4986320400129,29.2844139599257],[-13.5005775097456,29.2841308003883],[-13.5020625102502,29.2854938400214],[-13.5023750799516,29.2875647301578],[-13.5084208999172,29.2905182496921],[-13.5119812198322,29.2894804999655],[-13.5120282098064,29.2883692702286],[-13.515491349974,29.2848604703105],[-13.5163399300324,29.281698860328],[-13.5151412702196,29.2788890100969],[-13.516844190334,29.2742948497231],[-13.5193087299941,29.2731869700467],[-13.5228541297906,29.2687710501476],[-13.5238431497655,29.2665521396471],[-13.5223189701381,29.2613275196624],[-13.5206438798312,29.2584465698994],[-13.5247788897627,29.252915409712],[-13.5282655604008,29.2517437101222],[-13.5264210101021,29.2494845302507],[-13.52745218981,29.2484698602952],[-13.5263778604257,29.2427304500631],[-13.5275995198048,29.2412702802154],[-13.5314893300879,29.2393611499665],[-13.5332014004418,29.2368369503239],[-13.5356548000941,29.2360742301484],[-13.5382392396918,29.2361512403687],[-13.5402549199505,29.2346192997432],[-13.5453398704471,29.2328473297542],[-13.5482780001284,29.2281235401333],[-13.5487687003607,29.2260099997186],[-13.5479985297519,29.2235768499434],[-13.5445659502703,29.2189697299589],[-13.5419117304396,29.221016369704],[-13.537721299845,29.2209778502855],[-13.5353303699359,29.2167256900241],[-13.5313146697489,29.2185848496568],[-13.531274119797,29.2199127597333],[-13.528534809746,29.2206235300692],[-13.5258846601819,29.2200628303012],[-13.5243825000587,29.2187170199496],[-13.5220434900782,29.2190593803643],[-13.5153196998895,29.22563926975],[-13.513308590259,29.2264155603494],[-13.5097953097255,29.225567010282],[-13.5050731303816,29.225297730189],[-13.5042216397816,29.2295935798664],[-13.5019090797963,29.2295821399347],[-13.499840140221,29.2336775099053],[-13.4970669403276,29.2341345697163],[-13.4966906001225,29.2360912600086],[-13.4944490304008,29.2377571397718],[-13.4941083802619,29.239942530298],[-13.4924301000374,29.2405146900452],[-13.4920946897715,29.2440925296985],[-13.4891090302286,29.24428171039],[-13.488756240257,29.249999559708]]],[[[-13.5237965703214,29.4103635202464],[-13.522954740204,29.4074286496365],[-13.5251206196766,29.4073858697926],[-13.5269294700276,29.404086000033],[-13.5289103001449,29.402861689723],[-13.5312099800857,29.4001717697702],[-13.5311250803082,29.3963997596561],[-13.5319071904255,29.3949663600514],[-13.5307320799478,29.3923409897278],[-13.5293459695829,29.3856922397943],[-13.5263136802902,29.3834704596523],[-13.5233879698178,29.3827251902555],[-13.5192044301997,29.383107420252],[-13.5158344201743,29.3860017999706],[-13.5094755499086,29.3854697299697],[-13.506795610413,29.3844804996516],[-13.5038716300958,29.3879904703043],[-13.5023008898889,29.3907629996411],[-13.4975876101545,29.3930191499547],[-13.4952868100145,29.3932187898877],[-13.4918479602922,29.3968697499398],[-13.491602689677,29.3988251399687],[-13.4891726300524,29.4016942503782],[-13.4920334597035,29.4065038501997],[-13.4942527197651,29.4079420697473],[-13.494068890322,29.409925229986],[-13.4975433303975,29.4125687203863],[-13.5004214598043,29.4130884396748],[-13.5027576903974,29.4127519600904],[-13.5057297602267,29.416011339693],[-13.5072959495684,29.4152645801962],[-13.5100288097156,29.4157193003543],[-13.5137892796658,29.4142615403427],[-13.5155091797358,29.4122936700558],[-13.5189264195856,29.4104691903602],[-13.5210628801309,29.4116795597503],[-13.5237965703214,29.4103635202464]]]]},"properties":{"OBJECTID":8127,"INSPIREID":"ES.IGN.SIGLIM34053535010","NATCODE":"34053535010","NAMEUNIT":"Har├¡a","CODNUT1":"ES7","CODNUT2":"ES70","CODNUT3":"ES708","CODIGOINE":"35010"},"id":8127},{"type":"Feature","geometry":{"type":"Polygon","coordinates":[[[-15.5454216495982,27.9536739301223],[-15.5447621604155,27.9531119803729],[-15.5375361095751,27.9514840200766],[-15.5328574302505,27.9487130702733],[-15.531487060166,27.946703329794],[-15.528060360158,27.9457914500767],[-15.5241176498844,27.9455737998603],[-15.5217395497142,27.9438717501862],[-15.5182748303084,27.9389376602429],[-15.5166126802331,27.9390002398887],[-15.5136567396547,27.9367819100192],[-15.5124528696132,27.9346285397837],[-15.5099278400969,27.9341704098469],[-15.5088338897102,27.936882430375],[-15.5041486302261,27.9374748096242],[-15.500345749913,27.9358761996116],[-15.4974001803846,27.9367689801959],[-15.4903635599831,27.9361036302865],[-15.4877099501085,27.9368722100148],[-15.4859260495662,27.9364010097269],[-15.4809276903747,27.9330812396835],[-15.4742534602403,27.9342329001907],[-15.4700175704007,27.9340622496732],[-15.4673989696694,27.9323631797864],[-15.4642896498411,27.9278593998136],[-15.4612271996127,27.925633539878],[-15.4576050100292,27.9198489403931],[-15.4534289803268,27.9156933501276],[-15.4503120697344,27.9112161202836],[-15.4454595295714,27.9084617602648],[-15.4418738196732,27.907967279773],[-15.4397224003818,27.9083246000397],[-15.4370047900348,27.9070538197209],[-15.4340893302381,27.9067675401383],[-15.426114019772,27.9080592200997],[-15.4245001397702,27.9099304801468],[-15.4220880500446,27.9100692799685],[-15.4209411700231,27.9119659397879],[-15.4155685196836,27.9108745597598],[-15.4145705300305,27.9084974599515],[-15.4126193497076,27.9068790903678],[-15.4103211196476,27.9077696201503],[-15.4074057595639,27.9077856700702],[-15.4019105403921,27.9048951703324],[-15.3965827600027,27.903840799939],[-15.3939073399314,27.9028755298519],[-15.3868378501737,27.9024932398831],[-15.3858312196258,27.9063718001683],[-15.386722580153,27.9109957903523],[-15.3860659098837,27.9172345902206],[-15.3841372099007,27.9207371599414],[-15.3850143698599,27.922485100315],[-15.3848035101099,27.9257914797265],[-15.3838691795694,27.927721410174],[-15.3799036700539,27.931418540159],[-15.3871366496001,27.9367805902123],[-15.3916418696332,27.9381703197631],[-15.3971878202624,27.938913889904],[-15.4026373601019,27.9410929397017],[-15.4059042695839,27.9413553601835],[-15.4113220800293,27.9394578596891],[-15.4145505802447,27.9397045199009],[-15.4148682999876,27.9383740600685],[-15.4190236001665,27.9381159401161],[-15.422073850375,27.9369962002672],[-15.4276190203681,27.9381144703312],[-15.4288250400781,27.9411099600072],[-15.4311605295611,27.9429440399396],[-15.4353310400143,27.9426826700583],[-15.4383536697227,27.946898679611],[-15.4419931096547,27.9474204103647],[-15.4441141299569,27.9467257803204],[-15.445796110342,27.9474597499045],[-15.4483961204385,27.9468862699841],[-15.450151779745,27.9478714802522],[-15.4524644403417,27.9468854899186],[-15.45810507969,27.9482814402169],[-15.4592444003884,27.950663599972],[-15.4607766001746,27.9501608701384],[-15.4657882202964,27.9516428402424],[-15.4686540400888,27.9506605901196],[-15.4719438404408,27.9514059096963],[-15.4743675696375,27.9502582697827],[-15.4772975102767,27.9499169897471],[-15.4801534198549,27.9506264501507],[-15.4806582101625,27.9489609798091],[-15.488346340012,27.9489584801559],[-15.4947974097652,27.9486426401789],[-15.4959768195799,27.9500820501765],[-15.5000809301605,27.9496789603353],[-15.5090668596943,27.9523851702144],[-15.5158054397457,27.9504747297862],[-15.5263734201741,27.951418360067],[-15.5306971302142,27.9533370196248],[-15.531948879562,27.9552547698637],[-15.5324406496879,27.9566066600762],[-15.5363241196618,27.955229070163],[-15.5414598797692,27.9564903201107],[-15.5430945899058,27.9537922203846],[-15.5454216495982,27.9536739301223]]]},"properties":{"OBJECTID":8128,"INSPIREID":"ES.IGN.SIGLIM34053535011","NATCODE":"34053535011","NAMEUNIT":"Ingenio","CODNUT1":"ES7","CODNUT2":"ES70","CODNUT3":"ES705","CODIGOINE":"35011"},"id":8128},{"type":"Feature","geometry":{"type":"Polygon","coordinates":[[[-15.7992273003307,27.8590830699002],[-15.7982466104334,27.8571786096427],[-15.7990683703906,27.8551129899675],[-15.7986073397155,27.8531820799705],[-15.796223249579,27.8525711899204],[-15.7952459499235,27.8494724400353],[-15.7937173200422,27.8474980100118],[-15.7923095198548,27.8474690900904],[-15.7909667999148,27.8452127302394],[-15.7917249798112,27.8419352701553],[-15.7892935295946,27.8369861503664],[-15.7871815598189,27.8340644198216],[-15.7840435801398,27.8313488998535],[-15.7811833604448,27.8296815696529],[-15.7789597004349,27.829980290111],[-15.7765213601401,27.8272245300033],[-15.7734644399406,27.8221269598801],[-15.7699125596977,27.8190766999124],[-15.766968180437,27.8171795602081],[-15.7627108199639,27.8179025297317],[-15.7598710099921,27.816444060385],[-15.7539223598925,27.8146757602698],[-15.7526118301824,27.8133775903836],[-15.7503578897609,27.8082001799216],[-15.7486459298997,27.8066757601627],[-15.7454290404094,27.8071652798844],[-15.7451200001887,27.8047242098858],[-15.7431088097098,27.80441006032],[-15.7422727800143,27.8014942796736],[-15.7392311895651,27.7993684599364],[-15.7352629797139,27.7974631502941],[-15.7314792200416,27.7987074103408],[-15.7278191197564,27.7958822899772],[-15.7273224196763,27.7943105700557],[-15.7285854096433,27.7926681901566],[-15.7246586202115,27.7906080801293],[-15.7244843003339,27.7883512997851],[-15.720178879993,27.7864067899992],[-15.719151210003,27.7846374002066],[-15.7160525702451,27.7831265001487],[-15.7138606504091,27.7844274101177],[-15.712072340037,27.7832008201373],[-15.7093917196185,27.782653129753],[-15.7098468402774,27.7801330901078],[-15.7078590598948,27.7794319396109],[-15.7038040700922,27.7768717800497],[-15.7007874096888,27.773661679773],[-15.7007298698999,27.7710169997813],[-15.6955700502142,27.7727473997244],[-15.6923128299609,27.7723206799244],[-15.6899922596981,27.7713120400735],[-15.6884323495803,27.7695333298549],[-15.6888025803432,27.7678903301297],[-15.6871199298148,27.7636865996887],[-15.6854353703665,27.7632047799532],[-15.6853229902261,27.7614648896121],[-15.6821584599405,27.7586333397533],[-15.6846717403912,27.7563153596689],[-15.6829937000169,27.7552331696935],[-15.6804145002923,27.7562542302422],[-15.675827549738,27.7572857903847],[-15.6711180797587,27.7614345000376],[-15.6700134699628,27.7641034100076],[-15.6705515599197,27.766346640026],[-15.6669028296111,27.7695661502192],[-15.666336779591,27.7725010898144],[-15.6671638503882,27.7749722900154],[-15.6665633203326,27.7776836398977],[-15.6671782000766,27.7793272300848],[-15.6702779995595,27.782560259691],[-15.6681668795901,27.7857597403391],[-15.6690601499355,27.7882604396642],[-15.6706861697701,27.7887570199345],[-15.6725872196086,27.7924348302989],[-15.6721624700911,27.7945491500635],[-15.6703740896505,27.7982933199843],[-15.6688043097426,27.7995874498162],[-15.6685146704371,27.8013784396629],[-15.6694241499836,27.8034943002054],[-15.6673091501905,27.8081470102858],[-15.6671054500133,27.8101775496989],[-15.6647699802932,27.8124277397786],[-15.6638180499597,27.8148803296767],[-15.6638789602275,27.8205247198238],[-15.6658751299766,27.8223281800679],[-15.6660053497601,27.8244314503776],[-15.6624083004281,27.8254362503497],[-15.6614139498502,27.8267929198088],[-15.6628549400924,27.8295051401624],[-15.6606940103372,27.8299284300055],[-15.6597745199652,27.8319502098189],[-15.6600084601297,27.8338220500037],[-15.6588967698128,27.8358875199276],[-15.6599997797091,27.8400544000785],[-15.6618560799718,27.8422175803102],[-15.6602500198046,27.8458783101757],[-15.6605562195523,27.8484521097166],[-15.6626166404038,27.8513168802336],[-15.6619479102517,27.8553718702681],[-15.662041830013,27.8595223498528],[-15.6627122301332,27.8617454399473],[-15.6657180999733,27.8636760298492],[-15.6675027497106,27.8667619398456],[-15.6707313801817,27.868037619668],[-15.6704839302535,27.8701685396337],[-15.6713715699588,27.8718094302269],[-15.6704725899214,27.8747153698523],[-15.6711120897924,27.8771766999244],[-15.6690784099903,27.8823625102619],[-15.670932140173,27.8870945703771],[-15.6695867800844,27.8888279496476],[-15.669133589905,27.8928715099474],[-15.6701872400714,27.8945786903904],[-15.6705508897765,27.8994027199671],[-15.6698760501822,27.9023014203853],[-15.6656052401326,27.9067252096388],[-15.6634240398929,27.9073969903211],[-15.6639904896633,27.9108101197838],[-15.6632885101677,27.9120879201028],[-15.6681365596526,27.9156836897636],[-15.6710042003301,27.9162749199138],[-15.6725178103799,27.9177303602904],[-15.675698910091,27.9145732898652],[-15.6777591000754,27.9114019203411],[-15.6775106098981,27.9092385701152],[-15.6802158702066,27.9099597596692],[-15.6823574098264,27.9089991500032],[-15.6842547604027,27.9099217099424],[-15.6847095702445,27.9149546401617],[-15.687658849815,27.9181042896361],[-15.6869656495547,27.9205897798904],[-15.6878127303249,27.9222368101499],[-15.6878426199693,27.9266840197941],[-15.6870506301806,27.9285214503149],[-15.6838290999935,27.9306724199483],[-15.6837018895661,27.9364324201276],[-15.6822862003739,27.941012479895],[-15.685237510137,27.9445121499242],[-15.6871354598895,27.9457874100425],[-15.6880986398253,27.9478849499468],[-15.6925439898397,27.9496237802497],[-15.6954854899999,27.9472399303012],[-15.697392849605,27.9478125497234],[-15.7033681697871,27.9479944699128],[-15.7088799997068,27.9455725603109],[-15.7129533196328,27.9455114501889],[-15.7166205498464,27.9460002698856],[-15.7221130004105,27.9490041999937],[-15.7247182297188,27.9488854101099],[-15.7262123903443,27.9466551402244],[-15.7296735901509,27.9429508401684],[-15.7305802301227,27.9428630696491],[-15.7346138202587,27.9391294496721],[-15.7384194997222,27.9340435798457],[-15.7408900796542,27.931355799769],[-15.7450423102897,27.9279483603647],[-15.74555410027,27.9269720301035],[-15.7494650901326,27.9239977600208],[-15.7528460299601,27.9193474903784],[-15.7532738301563,27.916618859799],[-15.7549481398272,27.9138392699487],[-15.7513216401269,27.9119867503709],[-15.7518495701379,27.9088636098831],[-15.7512412597736,27.9068894699522],[-15.7525460402659,27.9026925500968],[-15.7579253201722,27.901147110309],[-15.7607743199093,27.8983977401051],[-15.7624236600085,27.8947424999251],[-15.7655988497034,27.8920135400769],[-15.7663192599337,27.8901193999161],[-15.7680771901812,27.8886824197727],[-15.7711264702092,27.8841274297866],[-15.7724633502015,27.8795727103253],[-15.7746163801722,27.8760463198078],[-15.777118030135,27.8749554899531],[-15.7774053401089,27.8735993196794],[-15.7799218203587,27.8708129096352],[-15.781480879772,27.8682441897478],[-15.7835639696096,27.8683290602994],[-15.7919131103879,27.8650823101206],[-15.7967132904479,27.8621696102079],[-15.7992273003307,27.8590830699002]]]},"properties":{"OBJECTID":8129,"INSPIREID":"ES.IGN.SIGLIM34053535012","NATCODE":"34053535012","NAMEUNIT":"Mog├ín","CODNUT1":"ES7","CODNUT2":"ES70","CODNUT3":"ES705","CODIGOINE":"35012"},"id":8129},{"type":"Feature","geometry":{"type":"Polygon","coordinates":[[[-15.6186499696517,28.0386269496913],[-15.618001860327,28.0380620396541],[-15.6190325297918,28.034279030096],[-15.6174679996385,28.0326129796199],[-15.6176765902441,28.0301969500459],[-15.6162663897582,28.0268358899776],[-15.6160492400046,28.021269100086],[-15.6172769899613,28.0208964900252],[-15.6138260498136,28.0186558096756],[-15.6123030496742,28.0208242997893],[-15.6104418598814,28.0267155396163],[-15.6071365896419,28.0303761098032],[-15.6069763499581,28.0318365500753],[-15.6045736799666,28.0359211599218],[-15.6003462396805,28.0388056196852],[-15.5991366401842,28.0402865902617],[-15.5997033396862,28.042609570237],[-15.5987646397402,28.0447785901764],[-15.5971210201126,28.0460032999492],[-15.5988454000809,28.0472748100487],[-15.5960242103884,28.0513349803511],[-15.5958072304163,28.0558257902615],[-15.5950116698243,28.0570150399804],[-15.5916846702363,28.0573034498313],[-15.5915009899136,28.0613419602473],[-15.5887591097826,28.0675835103555],[-15.5897873897287,28.0686575501663],[-15.5869052798869,28.0721255502197],[-15.5851412303157,28.0728026697763],[-15.5832676797047,28.0754243701055],[-15.5791165396239,28.0765055402419],[-15.5771057803363,28.0778819496809],[-15.5777618397513,28.0827896700261],[-15.5773505299288,28.0851825899336],[-15.5740365999299,28.0902588299672],[-15.5753589002652,28.0910972100355],[-15.5741119003103,28.0936447002027],[-15.5753691302796,28.0964599797581],[-15.5743917596573,28.0974121203345],[-15.572939309607,28.1055135398538],[-15.5705218398712,28.1079005397059],[-15.5715400703642,28.1096203302703],[-15.5695661204437,28.1133486703885],[-15.5641691203702,28.1181812101624],[-15.5631652000396,28.1220242896414],[-15.5621971099124,28.1230710500625],[-15.5624867599976,28.1252910802498],[-15.5611828203285,28.1266351201102],[-15.5603319396846,28.1322215897591],[-15.561208060293,28.1339297397314],[-15.5631744904162,28.1341871796309],[-15.5628350296468,28.1356357600688],[-15.5646438099292,28.1363207601492],[-15.563691119621,28.1392577199808],[-15.5590867004276,28.141527490394],[-15.5587861600662,28.1446198099549],[-15.5594045998336,28.147095339622],[-15.561900199643,28.1458002002157],[-15.5672723002135,28.1459947103061],[-15.5688747895775,28.1447459697529],[-15.5712193897741,28.1444085500015],[-15.5731141702703,28.1450902899636],[-15.5747328302077,28.1438323900632],[-15.5801103700772,28.1441058097991],[-15.5886339897348,28.1473407502761],[-15.5868721697822,28.1438558300058],[-15.5871851697766,28.1427246496921],[-15.5905389697028,28.1386850803417],[-15.5914014898178,28.1349860000296],[-15.5902903501681,28.1327324900741],[-15.5911698098144,28.1313902401971],[-15.5894650499503,28.124793190358],[-15.589655499977,28.1202712099772],[-15.5908959799596,28.1190091602645],[-15.5893106196715,28.1139490896245],[-15.587192749761,28.1126295901799],[-15.5853513103281,28.1079931597596],[-15.5872590301576,28.1027260102239],[-15.5899720797579,28.1007249896287],[-15.5945537904391,28.0957123600249],[-15.597964109668,28.0953416602055],[-15.6003635196734,28.0926313798596],[-15.6015459397425,28.0902405002338],[-15.6070293002542,28.0861836702203],[-15.6092687400704,28.0835641798212],[-15.6101505003022,28.0800409602219],[-15.611517449602,28.0797006603053],[-15.6125584703538,28.076965420111],[-15.6154461299875,28.0745637299065],[-15.6172403602573,28.0719361700223],[-15.6222526397424,28.0669224198234],[-15.6215440297817,28.0630507298602],[-15.6229244196748,28.0606244000717],[-15.621681049812,28.0588730000111],[-15.6245331999407,28.0543656598165],[-15.6233822999583,28.0516008800367],[-15.6216672202482,28.0426322703649],[-15.6188845503151,28.0399656397505],[-15.6186499696517,28.0386269496913]]]},"properties":{"OBJECTID":8130,"INSPIREID":"ES.IGN.SIGLIM34053535013","NATCODE":"34053535013","NAMEUNIT":"Moya","CODNUT1":"ES7","CODNUT2":"ES70","CODNUT3":"ES705","CODIGOINE":"35013"},"id":8130},{"type":"Feature","geometry":{"type":"MultiPolygon","coordinates":[[[[-14.0444867997408,28.5773498197324],[-14.0318539095795,28.5719429098286],[-14.025920070004,28.5700943600407],[-14.0232325397443,28.5688195197578],[-14.0209443501543,28.5696975401925],[-14.017708729892,28.5679944200041],[-14.0145947603838,28.5686127101295],[-14.0107931898144,28.5682962496496],[-14.0015470201395,28.5664766299688],[-13.9904173195706,28.5660053399325],[-13.9809112295548,28.5668189002565],[-13.9793695202029,28.5676557700782],[-13.9761684096206,28.5677481203635],[-13.9725494198361,28.5687587800829],[-13.9705614202645,28.570269129951],[-13.9683860303281,28.5700179403214],[-13.9647444003035,28.5722828397746],[-13.9611905599366,28.5728785000935],[-13.9594714099599,28.5719798800039],[-13.952095890236,28.5733673298463],[-13.9476529297403,28.5718518097134],[-13.9433013503669,28.5714389301432],[-13.9419439896843,28.5701647199383],[-13.93931060987,28.569710940216],[-13.9350664402584,28.5698131101121],[-13.9322930696851,28.5720920503491],[-13.9248450101037,28.5734413401844],[-13.9235885095664,28.5743339797771],[-13.9206515396101,28.5745724200057],[-13.9175799301591,28.5739784299138],[-13.9134872102163,28.5752454797092],[-13.9094249898739,28.5755288198721],[-13.9094358900316,28.5724871799951],[-13.9081963299238,28.5707352097641],[-13.8972793602958,28.5685069596391],[-13.8951157203233,28.569112170119],[-13.8917371098273,28.571502670109],[-13.8900878901023,28.5708212901313],[-13.8890811203156,28.5732229703287],[-13.886273470031,28.5728299103887],[-13.8813228796531,28.5730058401832],[-13.8702056099712,28.5713784996593],[-13.8673708000224,28.570668920315],[-13.860602069815,28.569735890211],[-13.8499085201813,28.5686971299358],[-13.8397676895688,28.5657578103777],[-13.8325929001918,28.5645229697101],[-13.8285430703121,28.5645560197268],[-13.8267635795995,28.5686668101651],[-13.8295394196415,28.5717035003717],[-13.8301296900383,28.5757375802359],[-13.828682499624,28.5775320001064],[-13.8284300397915,28.582874720093],[-13.825186349963,28.5884226098414],[-13.8235449204281,28.5893623800064],[-13.8224394698092,28.5930378898398],[-13.8248837300017,28.59660069012],[-13.8249943395626,28.5982406699957],[-13.8270825803401,28.6037660901844],[-13.8266196901523,28.6081484598517],[-13.8246291600266,28.6084480102127],[-13.8234569600904,28.6107546802617],[-13.8249870102082,28.6137878703926],[-13.8252070300792,28.6176373196089],[-13.8241343598833,28.6189881500757],[-13.8263962998023,28.6213417397174],[-13.8255969195738,28.6252482403006],[-13.8279072301776,28.6275904897788],[-13.8287267003292,28.6306211001974],[-13.8282366801216,28.6321890896899],[-13.8298783800494,28.6357087599486],[-13.8297742895624,28.6433370502099],[-13.8306859600999,28.6451725697466],[-13.8305015602266,28.6557063403669],[-13.8317892403891,28.6590767100203],[-13.8310239700902,28.6651532301218],[-13.8329038601122,28.6699465900632],[-13.8327853696313,28.6726974100484],[-13.8338176102495,28.6747604802031],[-13.8331703597143,28.6781276899213],[-13.8316611603926,28.680400799776],[-13.8324862701676,28.6854567197238],[-13.8315327803587,28.6888312003831],[-13.8318467101095,28.6913465697513],[-13.8308945003999,28.6938609299326],[-13.8326440197213,28.6985448501418],[-13.835522769864,28.7025933497471],[-13.8370508904005,28.7062137403289],[-13.8379387600745,28.7107232202794],[-13.8362514598663,28.7127728101924],[-13.8375288300643,28.7138172000647],[-13.839811380031,28.7193314199334],[-13.8419324102146,28.7223360898814],[-13.8426617299359,28.7264885701207],[-13.8448468701864,28.7275930099708],[-13.8527790498408,28.7271289399181],[-13.8555096597082,28.7303380299118],[-13.8587094398856,28.7322252096366],[-13.8615542399987,28.7307843698532],[-13.8661167096649,28.7333669598465],[-13.8675520000966,28.7359602497082],[-13.8671970595582,28.738581849995],[-13.8659870297688,28.7410139702809],[-13.8639571004331,28.7433110299608],[-13.8666006500748,28.7459271097612],[-13.8727276301313,28.7434629702803],[-13.8742635004339,28.7483548903337],[-13.8771733403702,28.7505271300206],[-13.8858746602657,28.7549430502103],[-13.8873362201313,28.756387419651],[-13.8908795403279,28.7570068100582],[-13.8936135098945,28.7553207197344],[-13.8951659002151,28.7529155196384],[-13.8974672797684,28.752322389764],[-13.9007284400325,28.7527893902572],[-13.9037789004468,28.7492112296821],[-13.907504980193,28.7481998697746],[-13.9076298496107,28.7470257703356],[-13.9136000296328,28.7467661197318],[-13.9157038597737,28.7447531903424],[-13.9171553998306,28.7464011398655],[-13.9197941102478,28.7473374300704],[-13.9209599195691,28.7494929902681],[-13.9233645398031,28.7510961303238],[-13.926594540205,28.7514142501332],[-13.9315920298273,28.7477299496241],[-13.9340456495668,28.7464361197242],[-13.9340523195577,28.7444677096487],[-13.9363488401237,28.7415877301355],[-13.9387663296225,28.7414162898062],[-13.9407497603625,28.7443777596094],[-13.9427930296802,28.7444587402459],[-13.9464964602031,28.7429984500753],[-13.948037619786,28.7433128099989],[-13.9538365198295,28.7390436196385],[-13.9543483295727,28.7371107101727],[-13.9571472401478,28.7352288497077],[-13.9576246201612,28.7370656102998],[-13.9592779802214,28.7373166198275],[-13.9619145598348,28.7358955202707],[-13.9617394997455,28.7342325703551],[-13.9647212695832,28.7333086596091],[-13.9688650497668,28.7349035496415],[-13.9709907502916,28.7313627798473],[-13.9726227897369,28.7310656200685],[-13.9741934203493,28.7338050601231],[-13.9758742095684,28.7349180203094],[-13.9778246002723,28.7344264402583],[-13.979121330063,28.7320733498637],[-13.982371229945,28.7295571596578],[-13.987319979675,28.7271158900597],[-13.9871139402848,28.7253344997872],[-13.9887529901825,28.7240813803749],[-13.9951800300019,28.7232240197119],[-13.9991762601035,28.7243024298706],[-13.999028150371,28.7217922202147],[-13.9977147101193,28.7204828102618],[-14.0015654302129,28.7196258801691],[-14.0025852201813,28.7155231400628],[-14.0045495500434,28.7156711902681],[-14.0061257699735,28.7145293098181],[-14.0045219502046,28.7117746300103],[-14.0072237196599,28.710689749851],[-14.0095353498889,28.7127600303532],[-14.0130131299007,28.7124379599273],[-14.0126493202954,28.7140030599583],[-14.0143543999598,28.7166852702406],[-14.0173874896514,28.7143326999154],[-14.0174592901954,28.7111417502144],[-14.0193210396386,28.7097689299019],[-14.0176962001904,28.7085765798161],[-14.0143240602594,28.7091116403213],[-14.0149882799704,28.7067282998622],[-14.0178277997863,28.7072020302807],[-14.018935269818,28.7034942100404],[-14.0200378197769,28.7027223802092],[-14.0177408204089,28.7004023802092],[-14.0182831396341,28.6940639902497],[-14.0163922901656,28.6925565099074],[-14.013817370015,28.6921803598254],[-14.0134208302924,28.6905871499829],[-14.0154351100775,28.6868805299767],[-14.012226559648,28.68303568963],[-14.0134080400793,28.6820153799741],[-14.0110744999405,28.6804865498937],[-14.0089135899482,28.677152909776],[-14.0097557704085,28.6729215299941],[-14.0121369697664,28.6658582696469],[-14.0139357302402,28.6645752896193],[-14.0137576904391,28.6630432397024],[-14.019180969828,28.6557068196454],[-14.0185104098077,28.6527767298818],[-14.019623540124,28.6496005198082],[-14.0228337901661,28.6463419602915],[-14.0253116698082,28.6451458496458],[-14.0244930503611,28.6431669397325],[-14.0273197700825,28.637528120178],[-14.0263910504192,28.6353976901954],[-14.0286517497649,28.6333118198889],[-14.0306464399887,28.6340030296376],[-14.0324055802669,28.6319360697694],[-14.0315653895749,28.6294046598069],[-14.0329099699259,28.6280251998534],[-14.0316238402555,28.6250429302576],[-14.0342231299032,28.6204628400099],[-14.0373270697212,28.618393649979],[-14.0370049096058,28.61614665034],[-14.0384419499557,28.6137966002167],[-14.0387528200446,28.611333859699],[-14.0370370396486,28.6078025298964],[-14.0363197995729,28.6042457799493],[-14.0337500896509,28.6010666601082],[-14.0332945297159,28.593182080183],[-14.0348750903054,28.5903186098832],[-14.0385596499192,28.5877236798695],[-14.0386043096635,28.583601000222],[-14.041431870208,28.5806442903384],[-14.042252979785,28.5808667097274],[-14.0444867997408,28.5773498197324]]],[[[-13.822092459598,28.7370104502232],[-13.8195227595575,28.7360521100351],[-13.8189899804406,28.7376277800018],[-13.8144462298683,28.7393732097875],[-13.8146263097434,28.7452827296375],[-13.8135543797593,28.7464357802669],[-13.8127824601306,28.7507611303185],[-13.8113355697536,28.7537267399366],[-13.8112678197132,28.75581999962],[-13.8129579801573,28.7568835900117],[-13.8133111303534,28.7620617700707],[-13.8127408304037,28.7642165002812],[-13.8141345198546,28.7652422699529],[-13.8164575002973,28.7647942298462],[-13.8191519403981,28.760462220054],[-13.8234486300128,28.7602731699309],[-13.8260559802435,28.7565494598906],[-13.8281584296738,28.7562012799486],[-13.8311693201981,28.7546569602479],[-13.8323850803407,28.7531774002678],[-13.8348831397373,28.7532567202215],[-13.8357495899817,28.7516865603046],[-13.8326480899879,28.7477626899083],[-13.8319873000447,28.7455755698985],[-13.8300799799654,28.7429534701008],[-13.8304482802488,28.7397680198351],[-13.8271071699243,28.7394683098957],[-13.8272442097176,28.7416843097783],[-13.8254967996404,28.7419940502248],[-13.8236590100624,28.738395929823],[-13.822092459598,28.7370104502232]]]]},"properties":{"OBJECTID":8131,"INSPIREID":"ES.IGN.SIGLIM34053535014","NATCODE":"34053535014","NAMEUNIT":"LaOliva","CODNUT1":"ES7","CODNUT2":"ES70","CODNUT3":"ES704","CODIGOINE":"35014"},"id":8131},{"type":"Feature","geometry":{"type":"Polygon","coordinates":[[[-14.1547974399755,28.4049655699963],[-14.1563615101914,28.4033450601274],[-14.1575869397997,28.400063480078],[-14.1554887699434,28.3969003401001],[-14.1556712797614,28.3946078998242],[-14.1582962603278,28.3923287700833],[-14.1615639001401,28.3921593700382],[-14.1624565299868,28.3892367396223],[-14.1624679197263,28.3845404503807],[-14.1620120597539,28.3774836298852],[-14.1632725901336,28.3753882500576],[-14.1614963603055,28.3715528996899],[-14.1622594503932,28.3687278599489],[-14.1661838296451,28.3643461899786],[-14.1678998903155,28.3630821601341],[-14.1714578099321,28.36194755966],[-14.1717800697605,28.3559253600131],[-14.1735860401127,28.3552783003824],[-14.1732867304432,28.3534793499941],[-14.177298760114,28.3489778197704],[-14.1763049997293,28.3481820099107],[-14.1774989101492,28.3457773899877],[-14.1834012404179,28.3415072899481],[-14.1871309295949,28.3402062997821],[-14.1888288703476,28.3378867100289],[-14.1928302998981,28.3355663002973],[-14.1988358403047,28.3339724399851],[-14.2016277700717,28.3295045002042],[-14.2033876900876,28.3287935798267],[-14.2049074095796,28.3243036897134],[-14.2046725297772,28.3209129096933],[-14.206647229791,28.3155681400566],[-14.2086371499606,28.3132382503311],[-14.2094952898902,28.3097427798706],[-14.2091187996664,28.3072790899769],[-14.2075947700577,28.3064903698545],[-14.2079640998104,28.3037204998008],[-14.2068606102136,28.3009673603447],[-14.2101978101716,28.2992779999409],[-14.2104094703206,28.2960251996134],[-14.211462240138,28.2955655198667],[-14.2122643997541,28.2924379697516],[-14.2114069200862,28.2902034901027],[-14.2126986004467,28.2872015296157],[-14.2111341897693,28.2832100300919],[-14.2118493098209,28.2819206698532],[-14.2102658198252,28.2798390498332],[-14.2102261798666,28.2771949698376],[-14.208934769899,28.2746501599021],[-14.209224649953,28.2718464202617],[-14.208399739604,28.2708902500384],[-14.2092923802305,28.2686099203622],[-14.2110768601862,28.2676047600831],[-14.211650790228,28.2640128303429],[-14.208449330201,28.2604550402313],[-14.2095932197309,28.2557498403012],[-14.211583580075,28.2526408796862],[-14.2113477803978,28.2512990798599],[-14.2129025099314,28.2496110602],[-14.2135076402596,28.2466042096087],[-14.2127495501947,28.2429549402273],[-14.2139329197831,28.2422658099363],[-14.2130377998064,28.2338181701423],[-14.2147927602236,28.231886649826],[-14.2143814198583,28.2302983299862],[-14.2153321500427,28.2262806599965],[-14.2181043501112,28.2234658200654],[-14.2192597497548,28.2207039799223],[-14.2216062903125,28.218935510053],[-14.2226925097978,28.2155747896263],[-14.2282747299066,28.2107699596571],[-14.2309825099894,28.2101587601108],[-14.2335042301123,28.2067744101598],[-14.2371452798252,28.2045814398984],[-14.2383420603625,28.2030671201439],[-14.241940609881,28.2013348601489],[-14.2428184597463,28.1988404398001],[-14.2458523902611,28.194676970101],[-14.2552748399374,28.1878972200687],[-14.2562674396988,28.1877049302714],[-14.2627737495538,28.1836438401722],[-14.2672019902553,28.1788988401661],[-14.271527360382,28.1760478296668],[-14.2746996503151,28.1733097303235],[-14.278991949863,28.1709231801725],[-14.282470300305,28.1677568402606],[-14.2878937297125,28.1649245799592],[-14.2894788196077,28.1631996896696],[-14.2911370700963,28.1630385801611],[-14.2942653901912,28.1606590499056],[-14.2980732399844,28.1594780599706],[-14.3008903899531,28.1566689099981],[-14.3028585295703,28.1533047498743],[-14.3059887999077,28.1514846100382],[-14.3068869696647,28.1499194097259],[-14.3150734300367,28.1445896698183],[-14.3256576304458,28.1387133796175],[-14.3291082903191,28.1373158197634],[-14.3314985204406,28.1356358899839],[-14.3355920300026,28.1339948598579],[-14.3425149497403,28.1303904499692],[-14.3467280196767,28.1291233700068],[-14.3481664703816,28.1281670602293],[-14.3543882397686,28.125725859754],[-14.3566968103358,28.1255056300433],[-14.3617067802524,28.1214868400458],[-14.3663971403706,28.1198151601501],[-14.3734897797132,28.1166666903639],[-14.3827204202119,28.1136437596157],[-14.3978592497914,28.1101438297485],[-14.4017148701948,28.1088229198318],[-14.4090186001545,28.1076702601856],[-14.4141194400519,28.1059048200019],[-14.4159337701261,28.1064298003475],[-14.4175251203806,28.1052693899854],[-14.4302883803441,28.1019361002412],[-14.4387732098494,28.10157118992],[-14.440664389898,28.1008341901746],[-14.4446474596806,28.1008918998678],[-14.4456988496858,28.1015217201425],[-14.4505503603795,28.1001691496309],[-14.452696050216,28.1034192896304],[-14.4553974801081,28.1053049397254],[-14.4593102701945,28.1033751202971],[-14.4616278598471,28.1014190696276],[-14.4667677001026,28.1022434501518],[-14.4668551403157,28.1039128698563],[-14.4688811197592,28.1042980496366],[-14.4731620798732,28.1038424501132],[-14.4744582697764,28.1048340703241],[-14.4771002500613,28.1029024698124],[-14.4776002801962,28.101601789869],[-14.4809857295665,28.1002046297424],[-14.4826038298535,28.1032762996585],[-14.4856835097689,28.1038746302513],[-14.4867545603024,28.1053527500818],[-14.4867953096803,28.1087696001356],[-14.4889910796956,28.1092381702663],[-14.4905834603177,28.1109357497011],[-14.4927032400465,28.1085288997115],[-14.494388190262,28.1035215396534],[-14.496441959987,28.1038649003783],[-14.4987795299682,28.1018487096478],[-14.4990984902846,28.1004633400533],[-14.4954966502371,28.096806849867],[-14.4934937296487,28.0960709902362],[-14.4924916400847,28.0942149597166],[-14.4940923903103,28.09105511038],[-14.492154859888,28.0870462897519],[-14.4932332298944,28.0830450000678],[-14.4952588904359,28.0830046202662],[-14.5012647802872,28.0801975199026],[-14.5023355999536,28.0784095502741],[-14.5023411299825,28.0743392902015],[-14.5055494396636,28.0729182999892],[-14.5065830600941,28.0701082996629],[-14.509435980079,28.0689197298647],[-14.5096249200378,28.0669796000089],[-14.5069518203148,28.0651257998213],[-14.5046023000454,28.068179309952],[-14.5041990400262,28.0706756301182],[-14.5031092802803,28.0717368799478],[-14.4931419404003,28.0745249797052],[-14.4916089698595,28.0741465000971],[-14.4864753899633,28.0760970802179],[-14.4829000403352,28.0763066200713],[-14.4817629797981,28.0774144600708],[-14.4774996500198,28.0778162398771],[-14.471641969614,28.0764442903597],[-14.4644749201215,28.0756284502026],[-14.4577788699088,28.0732533401309],[-14.4529539798902,28.0734273799367],[-14.4426164101457,28.0697831301093],[-14.4415328002663,28.0699366902935],[-14.4375531800143,28.068068110385],[-14.4339314997755,28.0680261499294],[-14.429724920167,28.0652365601151],[-14.4241741797208,28.0643756900709],[-14.4198906396452,28.0617786500816],[-14.4176867497581,28.0619200702679],[-14.4089871402549,28.0585772298751],[-14.4016206701591,28.0580623797889],[-14.4001383502274,28.0585605198393],[-14.3913896100646,28.0557778302176],[-14.3882453799077,28.0557764999757],[-14.3855339697329,28.0549962000951],[-14.3804486203842,28.0524512299508],[-14.3766109599982,28.0522000598573],[-14.3755832199396,28.053089959716],[-14.3722873900953,28.053276229781],[-14.370409060447,28.0546686096994],[-14.3648902398377,28.0530562699783],[-14.3584794199991,28.0495132502663],[-14.354398939602,28.0489028103272],[-14.3527251500556,28.0494175901138],[-14.3493904797534,28.0487997400686],[-14.336523989889,28.0440622498382],[-14.3319335403967,28.0440255603331],[-14.3278130202907,28.0463018898676],[-14.3256615902196,28.0468762902938],[-14.3228420597154,28.0491724001831],[-14.3198081103361,28.0526995502168],[-14.314246759888,28.0579309398617],[-14.3133587599583,28.0597995699915],[-14.3056670098982,28.068166689965],[-14.3033588202167,28.071974240284],[-14.3010035004238,28.0742325198201],[-14.2953678602001,28.0777467303455],[-14.28923724017,28.0832674996434],[-14.2863132697342,28.0841649297848],[-14.282437069826,28.0901935699522],[-14.2780436604013,28.094193750027],[-14.2760654102455,28.0954768597606],[-14.2732156999411,28.0984316003437],[-14.2684962002717,28.1061343196455],[-14.2640718798181,28.1103162099938],[-14.2571915195636,28.1116981102598],[-14.253605070352,28.1147585598715],[-14.2509901697813,28.1180444601754],[-14.2481370395905,28.1237860799748],[-14.2445538898909,28.1297664199429],[-14.242165339619,28.1317598703459],[-14.2388917700275,28.136932070396],[-14.2359943699613,28.1438682898002],[-14.2340871397136,28.1452757302894],[-14.2331560601761,28.1471733396706],[-14.2298993995732,28.1498549400559],[-14.2259507900632,28.157527000183],[-14.2226260497382,28.1622309001704],[-14.2186414303616,28.164993119876],[-14.2166556999345,28.1654040400937],[-14.2135091404461,28.1639002298082],[-14.2058491098987,28.1672807199445],[-14.2032989598937,28.1708043296174],[-14.2010976203237,28.1727385398279],[-14.198217280163,28.1739195299185],[-14.191708679604,28.1742549696071],[-14.1888235999319,28.1728044900113],[-14.183550309551,28.1750631899606],[-14.17978366009,28.1736830801743],[-14.1772626298733,28.1738033600465],[-14.1751482103918,28.1749613803791],[-14.1706668199682,28.1750056199832],[-14.1696640099553,28.1740102399067],[-14.165421239919,28.1753384201274],[-14.1625294399502,28.1774104097259],[-14.1587723395806,28.1758772402675],[-14.1563397601817,28.1795153100326],[-14.1526988703689,28.1823686700697],[-14.1491141001085,28.1829999498253],[-14.1478004397696,28.1812668198153],[-14.1457450198393,28.1825068898967],[-14.1391598801232,28.1839234198266],[-14.1380434997022,28.1863183397127],[-14.1362467999637,28.1875382296908],[-14.1345382896332,28.1871645703203],[-14.1317847601496,28.1882763496289],[-14.1282346998935,28.1873529401849],[-14.1272973797597,28.1890060701279],[-14.1279879398714,28.1914821502716],[-14.1279411403401,28.1947414103903],[-14.1296060599214,28.1967469002089],[-14.1315772403359,28.1974273899457],[-14.1372033503327,28.2022922397597],[-14.1386292102506,28.2049198700415],[-14.13850415039,28.2103531801071],[-14.139745720029,28.2131051096998],[-14.1399570397164,28.215985960316],[-14.1390175501513,28.2200420797522],[-14.1358771099866,28.2227664102881],[-14.1367248797646,28.223800809821],[-14.1395365095859,28.2303177303444],[-14.1390810799065,28.2350006300314],[-14.1374684395798,28.2390795702619],[-14.1392024503862,28.2414735298247],[-14.1393274895856,28.2436768301453],[-14.1410650101098,28.2456465301507],[-14.1399366497561,28.249069580364],[-14.1430802996013,28.2524111197296],[-14.1412327803706,28.256524729869],[-14.1394706603806,28.258869620033],[-14.1383047998554,28.2617327601794],[-14.1399216802302,28.2647939499433],[-14.1419599603048,28.2650242900657],[-14.1422390803384,28.2670931401989],[-14.1456784501852,28.2730632396436],[-14.1463507700051,28.275703219739],[-14.1508063096098,28.2783225102396],[-14.155170339633,28.2783495400005],[-14.1586336199378,28.2801130400675],[-14.1582863402321,28.282782789966],[-14.1596854195747,28.2877208596687],[-14.1546647004175,28.2894492001219],[-14.152371640162,28.289263490306],[-14.1468273900437,28.2925508101486],[-14.1450024400861,28.2924852503315],[-14.1407880199818,28.2902644499699],[-14.1348260101373,28.2923210199728],[-14.1316364698558,28.2945303698151],[-14.128346060446,28.2978402497663],[-14.1267762598769,28.3014950198024],[-14.1235324900983,28.3028002699303],[-14.1202817700544,28.3061824000485],[-14.1174993399715,28.3084120796592],[-14.113634630414,28.3082968003845],[-14.1116910498383,28.3102068296167],[-14.1112335198978,28.3124875796546],[-14.106998469983,28.3188417302171],[-14.1041615696545,28.3201951998066],[-14.1012673801671,28.3198593497525],[-14.0988490498452,28.3223708497896],[-14.0937505500591,28.3257491502708],[-14.0864656802288,28.3270807698333],[-14.0819406200043,28.3300201501199],[-14.0796785201851,28.3320810097183],[-14.0759812799528,28.3337439996588],[-14.0738793398673,28.3396691801452],[-14.0710495595857,28.3412657000972],[-14.0654745403723,28.3452615698744],[-14.0640024603364,28.3455854702692],[-14.0613519298867,28.3499721703178],[-14.0582214196991,28.3520628003353],[-14.0583900604274,28.3549253401428],[-14.0619698396481,28.3562949298634],[-14.0636758697301,28.3584016796084],[-14.0644562703534,28.365998259683],[-14.0626575898297,28.3755900201943],[-14.0643053902165,28.3773885602348],[-14.0677403196909,28.3779094303796],[-14.0724797296203,28.3798282598999],[-14.0744879296077,28.3801126898629],[-14.0765788204152,28.3790978503011],[-14.0781118601263,28.3800379401131],[-14.0824464604425,28.3804020397688],[-14.0852547997349,28.377839339871],[-14.0897254804437,28.3754050299345],[-14.0967431697488,28.3807059699722],[-14.0993760698628,28.3831695402421],[-14.101433270254,28.3861347599196],[-14.1037039804252,28.3880001196737],[-14.1062234403868,28.3869885397093],[-14.1112269397384,28.3880953797545],[-14.1137137701939,28.3873172402622],[-14.1177293598882,28.3880473300803],[-14.1227199998565,28.3881345900111],[-14.1242307496703,28.3918541797953],[-14.1275028199736,28.3936623900633],[-14.1291110998779,28.3954698400973],[-14.1273868896913,28.3978499301079],[-14.1313658496815,28.4018839902133],[-14.1348283502486,28.4041806703911],[-14.1520363700333,28.4059776302678],[-14.1547974399755,28.4049655699963]]]},"properties":{"OBJECTID":8132,"INSPIREID":"ES.IGN.SIGLIM34053535015","NATCODE":"34053535015","NAMEUNIT":"P├íjara","CODNUT1":"ES7","CODNUT2":"ES70","CODNUT3":"ES704","CODIGOINE":"35015"},"id":8132},{"type":"Feature","geometry":{"type":"Polygon","coordinates":[[[-15.5070339102225,28.0482412703337],[-15.4997127798959,28.0503175799077],[-15.4972179499427,28.0515636000999],[-15.4938329299672,28.0513404600957],[-15.4884262298852,28.0525586498541],[-15.4873522104197,28.0518582003572],[-15.4850201201617,28.0544595199562],[-15.4798182296763,28.05562657971],[-15.4775646997849,28.0567493502861],[-15.4742179103112,28.0519475097354],[-15.4700454397341,28.0481956100206],[-15.4695139703609,28.045546940149],[-15.4681932699251,28.0431477596364],[-15.4618693198694,28.0379625396788],[-15.4599474803202,28.0356368499138],[-15.4559310803456,28.0365423697076],[-15.4526465800537,28.0344213602391],[-15.4508192998663,28.0306920799227],[-15.4529108401558,28.028325329937],[-15.4561156697634,28.0281505803702],[-15.4565288103525,28.025131739733],[-15.45533792995,28.0244633401511],[-15.4526035498533,28.0252514503448],[-15.449462840194,28.0249857797232],[-15.4448421902401,28.0274183501392],[-15.4434485304336,28.0305395500126],[-15.4411650596938,28.0314425697633],[-15.4392961300165,28.0334083400623],[-15.4374278004139,28.0331409300829],[-15.434098079829,28.0350184402063],[-15.4295721096111,28.0351229001568],[-15.4273518901487,28.0367626796505],[-15.4239579597839,28.038280219972],[-15.4208390396601,28.0388251903282],[-15.4178230898242,28.0381053002429],[-15.4167447296992,28.0368671997532],[-15.4168186098431,28.034530260278],[-15.4159175699687,28.0323099501654],[-15.413506300405,28.0305947901924],[-15.4102490801517,28.0307821300356],[-15.4067068397301,28.0289416902652],[-15.4016812903316,28.028506590177],[-15.3986733804174,28.0300756701481],[-15.3972210597245,28.029730180001],[-15.3949008703474,28.0313131097691],[-15.4011298603927,28.0345334802895],[-15.4058358404171,28.0374155597347],[-15.407224820001,28.0399083500517],[-15.4099727098613,28.0422815298218],[-15.4143345803346,28.0449603198067],[-15.416091059803,28.0479529202114],[-15.4136203999208,28.0505664996959],[-15.4133426399367,28.0527004397127],[-15.4145266599053,28.0544544502296],[-15.416651770237,28.0550970700559],[-15.4190077296304,28.0585618001045],[-15.4196389398479,28.0623321997229],[-15.4180313103238,28.0644954798783],[-15.4169573600287,28.0678369598797],[-15.417281030212,28.0696937499435],[-15.4145265000052,28.0743031896404],[-15.4143963197475,28.0772427997575],[-15.4164192098846,28.0837262298948],[-15.4154903599657,28.0878038501682],[-15.4124245401567,28.0907369702875],[-15.412503410442,28.0929962001229],[-15.4112086704197,28.0980850199731],[-15.4118780599351,28.1033015400953],[-15.4147639597691,28.1096072500403],[-15.4145414201238,28.1107760099947],[-15.4208192704357,28.1192016598389],[-15.4239850098537,28.121595799997],[-15.4274411296873,28.126426900141],[-15.4289027596215,28.1305792398208],[-15.4284514002087,28.132726269828],[-15.425677469985,28.1364274402384],[-15.4287175503661,28.1363334101462],[-15.4276870803273,28.1408134398941],[-15.4276964901799,28.1467821903403],[-15.4251631000432,28.1467413497768],[-15.425231310021,28.1428722898203],[-15.4242193102428,28.1428682500529],[-15.4241352297288,28.1467288602175],[-15.421190989707,28.1466825796074],[-15.421278170307,28.1417104702272],[-15.4202535195546,28.1417019897921],[-15.4201671600147,28.1466527497559],[-15.417283070286,28.1462519097259],[-15.4175339697449,28.1287469303855],[-15.412132210397,28.128646959853],[-15.4118144295686,28.1367422801529],[-15.4154151296539,28.1395403203668],[-15.4149559001009,28.1429805800827],[-15.4118474597233,28.1405569902343],[-15.4116904000756,28.1440584096069],[-15.4155772602914,28.147055980368],[-15.4123190896205,28.1508484696357],[-15.4103398603011,28.1508170402066],[-15.4102631899899,28.1544112600909],[-15.4073125198273,28.1539725600209],[-15.4072208000401,28.1434475899424],[-15.4078030601595,28.1434143499605],[-15.4079263197963,28.1371061400107],[-15.407161099803,28.1328164102858],[-15.4067926000936,28.1501971401373],[-15.4056621098344,28.1514716299626],[-15.4050054000393,28.1619101898655],[-15.4036211896112,28.1622910002304],[-15.3982390099432,28.1613019699251],[-15.3985978895942,28.1646061601276],[-15.4015416597971,28.1654595902368],[-15.40243788021,28.1665085998254],[-15.4047919998536,28.165991639943],[-15.4057049199476,28.1682185897954],[-15.4037902202083,28.1740014999176],[-15.4084835402754,28.1783530099662],[-15.412663790263,28.1781942402277],[-15.4147811598118,28.1775180402772],[-15.4168511899418,28.1790923699893],[-15.4187806804423,28.1788319197706],[-15.4199567700836,28.1812998896777],[-15.4224870996602,28.1799389697668],[-15.426123709899,28.1757500402178],[-15.4288216004289,28.1758418200501],[-15.4312101003951,28.1719410099312],[-15.4337401299343,28.1705952198851],[-15.4353626301696,28.1710450303234],[-15.437061569849,28.1694978200646],[-15.439432760178,28.1691959601457],[-15.4417955099366,28.1660993397945],[-15.441403150075,28.1630729703152],[-15.4385270499624,28.1606665998473],[-15.4364144899936,28.1596451796856],[-15.4355459897938,28.1579635203604],[-15.4330491296481,28.1573494797312],[-15.4321875698321,28.1543362900636],[-15.4335258197553,28.1533093096143],[-15.4315238801272,28.1513802498057],[-15.4333467801293,28.1488090400767],[-15.4315339897674,28.1480583002032],[-15.4315288397259,28.1457564396344],[-15.4360240103059,28.1406952403048],[-15.4371876897216,28.1383607697112],[-15.4457021097324,28.13122730989],[-15.4510667596759,28.1308243199392],[-15.4518855300399,28.1293863296957],[-15.4543504802301,28.1278760901248],[-15.458299399659,28.1276742903699],[-15.4627539798629,28.1280908098249],[-15.4652861599689,28.1266280003276],[-15.4678774896448,28.1261407500233],[-15.4704746799296,28.1277016498079],[-15.4723428397507,28.1311128301861],[-15.4754013499682,28.1326395499573],[-15.4785517497545,28.1364921096931],[-15.4829959795697,28.1363203601086],[-15.4847578004207,28.1349889801714],[-15.4863413200608,28.1327427900786],[-15.4870189695853,28.1299466796192],[-15.4899907798014,28.126459919607],[-15.4918661396195,28.1252450098296],[-15.4923237701713,28.1229264098704],[-15.4962347097282,28.1216414798127],[-15.4970601797277,28.1180347601103],[-15.4971358600954,28.1136752601662],[-15.4998738397415,28.1110736402238],[-15.5002460997985,28.1077494901646],[-15.499546790096,28.1046845901585],[-15.5042417001811,28.1053409300217],[-15.5054250401251,28.1025906502262],[-15.5045028799601,28.1003744299736],[-15.5053240802669,28.0972421402848],[-15.5070697503074,28.0953006098505],[-15.508178689983,28.0923538600698],[-15.5100142795868,28.0899911802032],[-15.5130217699877,28.0873780697703],[-15.5128809402023,28.0836792301916],[-15.513839350084,28.08303350012],[-15.5100998800502,28.080345579801],[-15.5073931096737,28.0815233299008],[-15.5067185898797,28.0790074900415],[-15.5088369799147,28.0778500098309],[-15.5134153299985,28.0721745999733],[-15.5165958700592,28.0702150099388],[-15.5175512103975,28.0676935602649],[-15.5218372900104,28.0622974601676],[-15.5217724199688,28.0573898397721],[-15.5272490296411,28.0525205100848],[-15.5238512796397,28.0500052603831],[-15.5208164597929,28.0508162703653],[-15.5192592598922,28.0498268603098],[-15.5131369402953,28.0500758803335],[-15.5104482898365,28.0495268301464],[-15.5098746903748,28.0476542199189],[-15.5070339102225,28.0482412703337]]]},"properties":{"OBJECTID":8133,"INSPIREID":"ES.IGN.SIGLIM34053535016","NATCODE":"34053535016","NAMEUNIT":"LasPalmasdeGranCanaria","CODNUT1":"ES7","CODNUT2":"ES70","CODNUT3":"ES705","CODIGOINE":"35016"},"id":8133},{"type":"Feature","geometry":{"type":"Polygon","coordinates":[[[-14.089652800449,28.4944949300143],[-14.0848396496146,28.492672660351],[-14.0820094803624,28.4926716497786],[-14.0796912897369,28.4937210900169],[-14.0747673101526,28.4912858096343],[-14.072308570016,28.4920453299054],[-14.0698797096424,28.4917218503811],[-14.0678904901587,28.4925296303165],[-14.0654087495575,28.4922959798855],[-14.0630959200776,28.4938777199549],[-14.0600819097043,28.4950204196289],[-14.0559458703035,28.4913451799446],[-14.0541125300812,28.4907006102413],[-14.0516292704289,28.4884718903841],[-14.0460081200307,28.4898217403868],[-14.0441910797392,28.4896465101573],[-14.0414230298873,28.4861699898772],[-14.0405567997302,28.4791414697308],[-14.0409378300394,28.4776728796947],[-14.0436046002329,28.4742165402753],[-14.0433516301573,28.4716783800732],[-14.0407040596564,28.469618910229],[-14.0282444697848,28.4615053101336],[-14.0224076401751,28.4564449303433],[-14.0208176796144,28.452749900011],[-14.017074820237,28.4499527798798],[-14.016653300163,28.4480442997458],[-14.0058270702601,28.4470170396865],[-14.0020916300686,28.4478472202542],[-13.9997010100783,28.4490211401412],[-13.9939153601853,28.4495643199612],[-13.990510040081,28.4489524196555],[-13.9865923299218,28.4496002896876],[-13.9838245998702,28.4506718400846],[-13.9802785200491,28.4530273402636],[-13.977515669646,28.4535752699079],[-13.9753871996152,28.4518803999003],[-13.9746994197893,28.450124149719],[-13.9671541696807,28.4499037599242],[-13.9646030998009,28.451779880154],[-13.9601402398249,28.4516465900489],[-13.9537997302253,28.4545766502509],[-13.9502836703043,28.454846550301],[-13.9453254397549,28.4542937502515],[-13.9404977299247,28.4508976496162],[-13.9342159899076,28.4479151397664],[-13.928550430395,28.4456403301192],[-13.9254532800438,28.4438919398186],[-13.9214628099398,28.4406200303619],[-13.9126838495526,28.4392947000866],[-13.9058743196617,28.4371370902832],[-13.9038944803862,28.4360281100359],[-13.9010226203218,28.433297150244],[-13.8980405100226,28.432352399769],[-13.8546374395848,28.4233167798666],[-13.8504051304299,28.4215013799223],[-13.851981980079,28.4238773600003],[-13.8583097704326,28.4261788800201],[-13.8586019501737,28.4288267802706],[-13.8606412498361,28.4301318397216],[-13.8623209098729,28.4325124400906],[-13.8618774403632,28.4348337602427],[-13.8626761603301,28.4362439400322],[-13.8623649596612,28.4394671401415],[-13.8585281499798,28.4426481697049],[-13.8566755202334,28.4432418602803],[-13.8565026098126,28.445740530279],[-13.8586015396436,28.4495074299369],[-13.8588350396337,28.4522992400994],[-13.8569449600214,28.4548394603344],[-13.8568234296416,28.4602502499791],[-13.8574143998259,28.4622796799764],[-13.8591444301973,28.4640975398887],[-13.8593852900846,28.4675383500653],[-13.8625718003486,28.4705164400474],[-13.8626778401797,28.4721554900439],[-13.8657374499351,28.4746992097222],[-13.867558500306,28.480465559845],[-13.8659543499571,28.4829857101456],[-13.8645820996987,28.4889348099324],[-13.8630382298986,28.4904824502116],[-13.8625454895922,28.4939432800678],[-13.8600969102998,28.4949198303933],[-13.8585924298283,28.4975799803847],[-13.856388200378,28.4988548301801],[-13.855018900187,28.4914098700014],[-13.8534434195704,28.491631649631],[-13.8547097602533,28.4993091196067],[-13.8474884803654,28.499772470039],[-13.8468331997898,28.5014980303133],[-13.845121460016,28.5015313298301],[-13.8426489603841,28.5039598499984],[-13.8437699204165,28.5067610203079],[-13.8422893602843,28.5089154601455],[-13.8435793095913,28.5101855203861],[-13.8426522796591,28.5135775702814],[-13.8400240903105,28.5155426003089],[-13.8393208801229,28.5209699997857],[-13.8352757601103,28.524913859829],[-13.8347792298117,28.5275035501863],[-13.8357282801465,28.5313475599368],[-13.8341968699793,28.5339888401038],[-13.83693578028,28.5353029800531],[-13.8387952902232,28.538340660262],[-13.8376661195892,28.5391586398066],[-13.8376315101962,28.542218920267],[-13.8366356702116,28.5434559101429],[-13.8343020896486,28.5433700102034],[-13.8316577503878,28.545233620075],[-13.8299912102457,28.5502681597259],[-13.8279123299135,28.55200028005],[-13.8260895296244,28.5521117899379],[-13.8256020202079,28.5549596396541],[-13.8260838998825,28.5570423896337],[-13.8296234399684,28.5589367302812],[-13.8293972396883,28.562657799775],[-13.8285430703121,28.5645560197268],[-13.8325929001918,28.5645229697101],[-13.8397676895688,28.5657578103777],[-13.8499085201813,28.5686971299358],[-13.860602069815,28.569735890211],[-13.8673708000224,28.570668920315],[-13.8702056099712,28.5713784996593],[-13.8813228796531,28.5730058401832],[-13.886273470031,28.5728299103887],[-13.8890811203156,28.5732229703287],[-13.8900878901023,28.5708212901313],[-13.8917371098273,28.571502670109],[-13.8951157203233,28.569112170119],[-13.8972793602958,28.5685069596391],[-13.9081963299238,28.5707352097641],[-13.9094358900316,28.5724871799951],[-13.9094249898739,28.5755288198721],[-13.9134872102163,28.5752454797092],[-13.9175799301591,28.5739784299138],[-13.9206515396101,28.5745724200057],[-13.9235885095664,28.5743339797771],[-13.9248450101037,28.5734413401844],[-13.9322930696851,28.5720920503491],[-13.9350664402584,28.5698131101121],[-13.93931060987,28.569710940216],[-13.9419439896843,28.5701647199383],[-13.9433013503669,28.5714389301432],[-13.9476529297403,28.5718518097134],[-13.952095890236,28.5733673298463],[-13.9594714099599,28.5719798800039],[-13.9611905599366,28.5728785000935],[-13.9647444003035,28.5722828397746],[-13.9683860303281,28.5700179403214],[-13.9705614202645,28.570269129951],[-13.9725494198361,28.5687587800829],[-13.9761684096206,28.5677481203635],[-13.9793695202029,28.5676557700782],[-13.9809112295548,28.5668189002565],[-13.9904173195706,28.5660053399325],[-14.0015470201395,28.5664766299688],[-14.0107931898144,28.5682962496496],[-14.0145947603838,28.5686127101295],[-14.017708729892,28.5679944200041],[-14.0209443501543,28.5696975401925],[-14.0232325397443,28.5688195197578],[-14.025920070004,28.5700943600407],[-14.0318539095795,28.5719429098286],[-14.0444867997408,28.5773498197324],[-14.0474678302651,28.5738307602137],[-14.0476284104103,28.572461759672],[-14.0505980404153,28.5689931699156],[-14.0521765995584,28.5685402798005],[-14.0528737595926,28.566498980329],[-14.0559022400284,28.565217649843],[-14.0566421598701,28.5615808501978],[-14.0585480103055,28.559488340017],[-14.0581416196575,28.5559870897658],[-14.0611222297702,28.5534931198401],[-14.0644925497144,28.5537321099162],[-14.0667658102027,28.5503973302151],[-14.0653861497416,28.5488534398299],[-14.0648679601632,28.5447954300407],[-14.0636956299714,28.5439741097043],[-14.0654009701472,28.54138549014],[-14.0671763798135,28.5417388797382],[-14.0694443402416,28.5408292803172],[-14.0712921002209,28.5304855700984],[-14.0736923402695,28.5277400199694],[-14.0743745101165,28.5242913399162],[-14.0757929795946,28.5213666599156],[-14.0779029101945,28.5200018298936],[-14.0795306404214,28.5172030800419],[-14.0801995798809,28.5140710798804],[-14.0820034796164,28.5134478502572],[-14.0841512598325,28.5070836801217],[-14.0882599203801,28.503524369783],[-14.0880999699539,28.5003804398264],[-14.0901110202956,28.4970163899317],[-14.089652800449,28.4944949300143]]]},"properties":{"OBJECTID":8134,"INSPIREID":"ES.IGN.SIGLIM34053535017","NATCODE":"34053535017","NAMEUNIT":"PuertodelRosario","CODNUT1":"ES7","CODNUT2":"ES70","CODNUT3":"ES704","CODIGOINE":"35017"},"id":8134},{"type":"Feature","geometry":{"type":"Polygon","coordinates":[[[-13.6600097499896,29.0069343696242],[-13.6525745003842,29.0064702001864],[-13.6511254001516,29.0050838898917],[-13.6476670399197,29.0003192000816],[-13.6477131998505,28.9976392698499],[-13.6460571699973,28.9924504401297],[-13.6416532601653,28.9855462098895],[-13.6378312996356,28.9819779202364],[-13.637105409682,28.9801926597274],[-13.6311429803242,28.9724781198746],[-13.6255118999489,28.9676357199493],[-13.6049384901742,28.9418281102148],[-13.5992489303722,28.9472126497146],[-13.5954366797324,28.9487801899238],[-13.593168100365,28.9487835598199],[-13.5866854701009,28.9515953598687],[-13.5836443800134,28.9517723998286],[-13.5892886898779,29.0038925700987],[-13.5846749803079,29.0034460996605],[-13.5874214499317,29.0082590097529],[-13.596868690415,29.0192887403814],[-13.60002189025,29.019214220331],[-13.6090822398151,29.0211240603843],[-13.6146461603432,29.0204523098114],[-13.6223383802222,29.0203346296838],[-13.6283145699735,29.0210915499127],[-13.6320847902378,29.0224304501877],[-13.6424850498127,29.0279535100543],[-13.6505308798252,29.0251655200202],[-13.6528945898829,29.0234311803589],[-13.6543395102544,29.0197725298551],[-13.6600223299969,29.0077106398017],[-13.6600097499896,29.0069343696242]]]},"properties":{"OBJECTID":8135,"INSPIREID":"ES.IGN.SIGLIM34053535018","NATCODE":"34053535018","NAMEUNIT":"SanBartolom├®","CODNUT1":"ES7","CODNUT2":"ES70","CODNUT3":"ES708","CODIGOINE":"35018"},"id":8135},{"type":"Feature","geometry":{"type":"Polygon","coordinates":[[[-15.6804145002923,27.7562542302422],[-15.6770208403204,27.7540646203398],[-15.6749768101296,27.7512066497277],[-15.6746164401736,27.749206159706],[-15.6712976296278,27.7505655702107],[-15.6721003201482,27.7518976997706],[-15.6708813296639,27.7538309399679],[-15.6682503896738,27.7552013800448],[-15.6663360699219,27.7551149297062],[-15.661799600195,27.7561910998851],[-15.6579085098126,27.7564371501933],[-15.6518474400467,27.7547389397323],[-15.6474102197856,27.7513447599186],[-15.6434246401101,27.7512035699399],[-15.6416251798487,27.7500970602813],[-15.6394444197835,27.7509349602698],[-15.6375920002428,27.7503115996077],[-15.6368712800938,27.7485175897057],[-15.6348596099145,27.7487678597603],[-15.6318011697656,27.7460980499182],[-15.6280369700103,27.7450680199692],[-15.6253864503403,27.7469766698048],[-15.6218893700247,27.7470601397167],[-15.6198222297749,27.7489859196039],[-15.6128197597273,27.7453384901738],[-15.6083490996798,27.741666939755],[-15.6061739199491,27.7391298698068],[-15.602706410376,27.7366182697107],[-15.5990713596125,27.7346074098889],[-15.5920774298482,27.7361857098189],[-15.5877343898599,27.7360588899052],[-15.5829783601994,27.7353468901365],[-15.5760419495628,27.7359563999194],[-15.5702463499297,27.7376369302853],[-15.5690463803732,27.7390591699238],[-15.5680779902087,27.7501180800056],[-15.5670474599827,27.7545060001251],[-15.565827790372,27.7576552299855],[-15.5640705401492,27.7600835496815],[-15.559907229693,27.7631336600925],[-15.5514429796925,27.7660311602188],[-15.5496441096243,27.7673337499191],[-15.5435254300009,27.7671160097987],[-15.5387278299024,27.770341309963],[-15.536469750044,27.7697326102238],[-15.5338999898164,27.7701352498363],[-15.5326341000877,27.772568499631],[-15.527208259602,27.7767563398154],[-15.5227377100472,27.7793695896647],[-15.5165651800158,27.7818518503552],[-15.513747459617,27.7818352699608],[-15.5113929303415,27.7805910003932],[-15.5087547903544,27.7803335297139],[-15.5032968898945,27.7833542197457],[-15.5020094298192,27.7852501396586],[-15.4990461697679,27.786725109893],[-15.4967768403073,27.7888050699705],[-15.4938184697861,27.7902736001789],[-15.4913335698101,27.7907311196846],[-15.4868783401242,27.7927762396142],[-15.4804760596707,27.7936959799999],[-15.4744818398333,27.7934702401547],[-15.4660101904098,27.7964383903459],[-15.4614162500643,27.7970577503024],[-15.4583891898648,27.7985356801092],[-15.4555770102746,27.7983445698126],[-15.4452985101499,27.7992401998496],[-15.4386270198772,27.8003006003712],[-15.4326600198912,27.8029184103929],[-15.4294235102968,27.8039404798926],[-15.4274533898944,27.805609030161],[-15.4315086303269,27.8104130000737],[-15.4350046802749,27.8135407003036],[-15.4391137001487,27.8158103499369],[-15.4444958699352,27.8202893398342],[-15.4500030402935,27.8242322098985],[-15.4552505301611,27.8296126397901],[-15.4629658403361,27.8393953298047],[-15.4669226802108,27.8432040599164],[-15.4690598297639,27.8445613500091],[-15.4721298797395,27.8479020096255],[-15.4767123998029,27.8502217602336],[-15.4786005004266,27.8502989603881],[-15.4828409698775,27.8472335199266],[-15.4853561296039,27.8459674199232],[-15.487919560302,27.8469312798159],[-15.4899453798453,27.8460872402373],[-15.4986870296055,27.8436971299467],[-15.5026161798099,27.8437424502514],[-15.5122449500492,27.8477710403776],[-15.5153534703768,27.8512531196418],[-15.5202397000579,27.8522879996816],[-15.5233777596871,27.8510497601396],[-15.5269247297387,27.8510016002341],[-15.5284045802018,27.8516719300267],[-15.5296117201109,27.8537337600229],[-15.5279717503383,27.8549228703819],[-15.5284554796441,27.8572915102964],[-15.5307647697618,27.861159889767],[-15.5322058300726,27.8614399499882],[-15.5342948595709,27.8651388699103],[-15.5349878999311,27.8695535102529],[-15.5379080902562,27.8705757296992],[-15.5383293597002,27.8725456402584],[-15.5366597697778,27.8736694699009],[-15.5321218097458,27.8746610797947],[-15.5312378702011,27.8777501199964],[-15.5335218601672,27.8793031196967],[-15.5336418400549,27.8809671301482],[-15.5359986097287,27.881526779838],[-15.5352242197329,27.884143199749],[-15.5364750599857,27.885670509841],[-15.5417667802029,27.8880241199578],[-15.5421398999477,27.89039049995],[-15.5474039403761,27.8938675901872],[-15.5504699596111,27.8941530297682],[-15.5518306898742,27.8960850396282],[-15.5509667198783,27.8993196902213],[-15.5525099096538,27.901336000016],[-15.5522102999469,27.9030377803542],[-15.550061930436,27.9054087500681],[-15.5526463296095,27.9070019202805],[-15.5518474299795,27.910407150167],[-15.550687640269,27.911821939747],[-15.5526872900915,27.9135633301147],[-15.5539128301926,27.9182649496082],[-15.5551764103527,27.9186389699755],[-15.557839139924,27.9237341599755],[-15.5555493998418,27.9253161196827],[-15.5527309203665,27.9249828400946],[-15.5494630299243,27.9272297401403],[-15.5457607600247,27.927460250308],[-15.5444998999632,27.9292273399649],[-15.5415846099481,27.9311880098612],[-15.5401360100771,27.9349332803617],[-15.5402409099461,27.9371265401922],[-15.5393030202805,27.9394109001581],[-15.5393900203191,27.9420999003909],[-15.5427738500269,27.9442799199502],[-15.5433016803249,27.9500501803217],[-15.5455385797054,27.9497247703311],[-15.5474437402347,27.95091569961],[-15.5512868803439,27.9514391797181],[-15.5542761600974,27.9542219898689],[-15.5568500399989,27.9576846303562],[-15.5602586200894,27.9593206500039],[-15.5626998502645,27.9611858698709],[-15.5660988300595,27.9615480097448],[-15.568925079962,27.9632135302958],[-15.5717677304067,27.9621162099725],[-15.5757229901448,27.9622045797611],[-15.5775005602593,27.9609694503853],[-15.5780214304105,27.9589318001019],[-15.579589419976,27.9578806601517],[-15.5819657001594,27.9545972196586],[-15.5850153197506,27.9526530202522],[-15.5886510002331,27.9520527501813],[-15.5932803503705,27.9548849198897],[-15.5968030596212,27.957847080279],[-15.5986677501486,27.9581731703942],[-15.6004471896572,27.9600111198481],[-15.5990498701143,27.9633452199498],[-15.6009412801315,27.9655098498737],[-15.6053514700857,27.9646045398728],[-15.6095050904149,27.9575186000173],[-15.6110305195989,27.9563627299718],[-15.6126772698552,27.9532733199158],[-15.6166085400836,27.950886659717],[-15.6221710700197,27.9504333503859],[-15.624974930312,27.9486766601565],[-15.6279622598231,27.9493222600261],[-15.630881939905,27.9463466998058],[-15.6313247096271,27.9394742802827],[-15.6349723898051,27.9358819201456],[-15.6366395300218,27.9348962997317],[-15.6378807196735,27.9311556296569],[-15.6439585502059,27.9258965503273],[-15.64478719036,27.9235337900159],[-15.647532919772,27.921749190234],[-15.6496955500381,27.9217113803961],[-15.6506105398505,27.9197611503155],[-15.6547104400274,27.9155194697939],[-15.6574325203913,27.9145641199654],[-15.6609378499362,27.9144024598704],[-15.6632885101677,27.9120879201028],[-15.6639904896633,27.9108101197838],[-15.6634240398929,27.9073969903211],[-15.6656052401326,27.9067252096388],[-15.6698760501822,27.9023014203853],[-15.6705508897765,27.8994027199671],[-15.6701872400714,27.8945786903904],[-15.669133589905,27.8928715099474],[-15.6695867800844,27.8888279496476],[-15.670932140173,27.8870945703771],[-15.6690784099903,27.8823625102619],[-15.6711120897924,27.8771766999244],[-15.6704725899214,27.8747153698523],[-15.6713715699588,27.8718094302269],[-15.6704839302535,27.8701685396337],[-15.6707313801817,27.868037619668],[-15.6675027497106,27.8667619398456],[-15.6657180999733,27.8636760298492],[-15.6627122301332,27.8617454399473],[-15.662041830013,27.8595223498528],[-15.6619479102517,27.8553718702681],[-15.6626166404038,27.8513168802336],[-15.6605562195523,27.8484521097166],[-15.6602500198046,27.8458783101757],[-15.6618560799718,27.8422175803102],[-15.6599997797091,27.8400544000785],[-15.6588967698128,27.8358875199276],[-15.6600084601297,27.8338220500037],[-15.6597745199652,27.8319502098189],[-15.6606940103372,27.8299284300055],[-15.6628549400924,27.8295051401624],[-15.6614139498502,27.8267929198088],[-15.6624083004281,27.8254362503497],[-15.6660053497601,27.8244314503776],[-15.6658751299766,27.8223281800679],[-15.6638789602275,27.8205247198238],[-15.6638180499597,27.8148803296767],[-15.6647699802932,27.8124277397786],[-15.6671054500133,27.8101775496989],[-15.6673091501905,27.8081470102858],[-15.6694241499836,27.8034943002054],[-15.6685146704371,27.8013784396629],[-15.6688043097426,27.7995874498162],[-15.6703740896505,27.7982933199843],[-15.6721624700911,27.7945491500635],[-15.6725872196086,27.7924348302989],[-15.6706861697701,27.7887570199345],[-15.6690601499355,27.7882604396642],[-15.6681668795901,27.7857597403391],[-15.6702779995595,27.782560259691],[-15.6671782000766,27.7793272300848],[-15.6665633203326,27.7776836398977],[-15.6671638503882,27.7749722900154],[-15.666336779591,27.7725010898144],[-15.6669028296111,27.7695661502192],[-15.6705515599197,27.766346640026],[-15.6700134699628,27.7641034100076],[-15.6711180797587,27.7614345000376],[-15.675827549738,27.7572857903847],[-15.6804145002923,27.7562542302422]]]},"properties":{"OBJECTID":8136,"INSPIREID":"ES.IGN.SIGLIM34053535019","NATCODE":"34053535019","NAMEUNIT":"SanBartolom├®deTirajana","CODNUT1":"ES7","CODNUT2":"ES70","CODNUT3":"ES705","CODIGOINE":"35019"},"id":8136},{"type":"Feature","geometry":{"type":"Polygon","coordinates":[[[-15.7992273003307,27.8590830699002],[-15.7967132904479,27.8621696102079],[-15.7919131103879,27.8650823101206],[-15.7835639696096,27.8683290602994],[-15.781480879772,27.8682441897478],[-15.7799218203587,27.8708129096352],[-15.7774053401089,27.8735993196794],[-15.777118030135,27.8749554899531],[-15.7746163801722,27.8760463198078],[-15.7724633502015,27.8795727103253],[-15.7711264702092,27.8841274297866],[-15.7680771901812,27.8886824197727],[-15.7663192599337,27.8901193999161],[-15.7655988497034,27.8920135400769],[-15.7624236600085,27.8947424999251],[-15.7607743199093,27.8983977401051],[-15.7579253201722,27.901147110309],[-15.7525460402659,27.9026925500968],[-15.7512412597736,27.9068894699522],[-15.7518495701379,27.9088636098831],[-15.7513216401269,27.9119867503709],[-15.7549481398272,27.9138392699487],[-15.7532738301563,27.916618859799],[-15.7528460299601,27.9193474903784],[-15.7494650901326,27.9239977600208],[-15.74555410027,27.9269720301035],[-15.7450423102897,27.9279483603647],[-15.7408900796542,27.931355799769],[-15.7384194997222,27.9340435798457],[-15.7346138202587,27.9391294496721],[-15.7363302501366,27.9472881902361],[-15.7384755797487,27.9508177498509],[-15.7385452800316,27.9530007000352],[-15.7396502895778,27.9558579699478],[-15.7426537195936,27.9581151397323],[-15.7459651801238,27.9620302601177],[-15.7479575904234,27.9626758396455],[-15.7474521703968,27.966312349788],[-15.7483405098897,27.9668264302952],[-15.7482838702127,27.9722446097779],[-15.7478460699708,27.9751698600044],[-15.7482573501489,27.9782844302998],[-15.7474451302999,27.9798022996417],[-15.7486871401134,27.9838101296798],[-15.7483236601899,27.985014810275],[-15.7510635496542,27.9872027801857],[-15.7495918496057,27.9880062499014],[-15.75012060966,27.9887511798679],[-15.7484249003224,27.9915974203962],[-15.7481373397185,27.9995971898362],[-15.7473990404376,28.0013801103079],[-15.747605570308,28.0038876197503],[-15.7465016701812,28.0048585201842],[-15.7484554996359,28.0094689597594],[-15.7483595200377,28.0138916197603],[-15.749440319987,28.0159791302067],[-15.758985749924,28.0236806498316],[-15.758315780097,28.024898530331],[-15.7648962602517,28.0256374299841],[-15.7663552796816,28.0283038598385],[-15.7679976497527,28.0286934602615],[-15.7728518598838,28.0318295603895],[-15.7746540402439,28.0300573801041],[-15.7788360096068,28.028204009868],[-15.7802510196727,28.02495806978],[-15.7820184999099,28.0243278799585],[-15.7863053098531,28.0211314003797],[-15.7909545998949,28.0198301396891],[-15.795101410096,28.0177156098646],[-15.7981035402496,28.0168117802515],[-15.8010328897973,28.0172126802427],[-15.8026657503027,28.0164313599328],[-15.8069324802043,28.0157149197068],[-15.8089306999088,28.0171474599367],[-15.8115439700372,28.017577980159],[-15.8190158403635,28.0151253102877],[-15.8230190800193,28.013355629941],[-15.8199957604047,28.010614209903],[-15.8187359100497,28.0066237702026],[-15.817417229925,28.0047982803916],[-15.8189516198039,28.0008525696229],[-15.8214119499585,27.9981948496699],[-15.8207771599546,27.9942765102407],[-15.8228675099763,27.9928729903359],[-15.8222495597907,27.9903726500833],[-15.8230959901807,27.9878753003139],[-15.8257305198386,27.9854439302655],[-15.8271497403082,27.9807369598253],[-15.8291653801427,27.979182150075],[-15.8298655396515,27.9773996502252],[-15.8315039499488,27.9767840596332],[-15.8332172096722,27.9745323403208],[-15.8333096499081,27.9721396802606],[-15.8343866598652,27.971119440114],[-15.8328418701903,27.9643180802846],[-15.8333880701375,27.9595721803516],[-15.831347929652,27.9585535598764],[-15.830238179696,27.9555480100927],[-15.8309093496724,27.9529216702787],[-15.8284655197728,27.9497228499762],[-15.8279321495645,27.9469647502562],[-15.8281729196202,27.9413486098509],[-15.8300093096229,27.9387784396644],[-15.8293784704096,27.9358972698733],[-15.8301542402176,27.9347344502002],[-15.829455640184,27.9312290196404],[-15.8315586304002,27.9283277403705],[-15.830878559916,27.9269787202192],[-15.8315148896323,27.9236746598785],[-15.8332315800218,27.9225052397551],[-15.8343758504374,27.91932175991],[-15.8345603401422,27.9152901502492],[-15.8331653301678,27.91266996016],[-15.8331249697605,27.9100551196942],[-15.8307413602226,27.9069019802276],[-15.8281431000443,27.9060979799303],[-15.8259236297769,27.9009795101025],[-15.8241273603314,27.8999268997373],[-15.8226743596139,27.8972365400299],[-15.8180589100072,27.8929672002319],[-15.8178037902631,27.8907905198916],[-15.8157098200308,27.8888892196426],[-15.8132989295561,27.8827696600496],[-15.812311160036,27.8789155597091],[-15.8085980097417,27.8738344497974],[-15.8066340904096,27.8725551003891],[-15.8034360996763,27.8666042402256],[-15.8019085998756,27.8627676401303],[-15.7992273003307,27.8590830699002]]]},"properties":{"OBJECTID":8137,"INSPIREID":"ES.IGN.SIGLIM34053535020","NATCODE":"34053535020","NAMEUNIT":"LaAldeadeSanNicol├ís","CODNUT1":"ES7","CODNUT2":"ES70","CODNUT3":"ES705","CODIGOINE":"35020"},"id":8137},{"type":"Feature","geometry":{"type":"Polygon","coordinates":[[[-15.5391451997598,28.038342439891],[-15.5379495502015,28.0378628596264],[-15.5345548904046,28.0334129302719],[-15.5321208395653,28.0338175300343],[-15.5308478001452,28.0319447597092],[-15.5301249402091,28.0287060999478],[-15.5266088003381,28.0225925203959],[-15.5239627201423,28.0190041402981],[-15.5183407199378,28.0143523201996],[-15.5147382402899,28.008459419662],[-15.513103660409,28.0077951898506],[-15.5119592597376,28.008612119648],[-15.5097154397362,28.0137734398199],[-15.5056352503932,28.0145419897647],[-15.5030148997437,28.0134742401817],[-15.4963152203373,28.0157694497846],[-15.491442389927,28.0160649498261],[-15.4882017103529,28.0174393803933],[-15.486804769899,28.0192046898886],[-15.4863474196216,28.0213469901662],[-15.4849352096044,28.0224106800296],[-15.4791944098986,28.0231917999375],[-15.4770435897835,28.0222125098652],[-15.4739976398103,28.0226436402688],[-15.4700999602853,28.0224458702052],[-15.4684647399056,28.0235888999471],[-15.4657424699972,28.0228090802642],[-15.463807429705,28.0237329602595],[-15.4586014797328,28.0240791603496],[-15.4565288103525,28.025131739733],[-15.4561156697634,28.0281505803702],[-15.4529108401558,28.028325329937],[-15.4508192998663,28.0306920799227],[-15.4526465800537,28.0344213602391],[-15.4559310803456,28.0365423697076],[-15.4599474803202,28.0356368499138],[-15.4618693198694,28.0379625396788],[-15.4681932699251,28.0431477596364],[-15.4695139703609,28.045546940149],[-15.4700454397341,28.0481956100206],[-15.4742179103112,28.0519475097354],[-15.4775646997849,28.0567493502861],[-15.4798182296763,28.05562657971],[-15.4850201201617,28.0544595199562],[-15.4873522104197,28.0518582003572],[-15.4884262298852,28.0525586498541],[-15.4938329299672,28.0513404600957],[-15.4972179499427,28.0515636000999],[-15.4997127798959,28.0503175799077],[-15.5070339102225,28.0482412703337],[-15.5126237803842,28.0457357500247],[-15.5174480802096,28.0449546296359],[-15.5213916402895,28.0431462096195],[-15.5240182099757,28.043712409871],[-15.5286608902136,28.0407040601343],[-15.5356561297215,28.0383246396681],[-15.5379192096027,28.0394891803398],[-15.5391451997598,28.038342439891]]]},"properties":{"OBJECTID":8138,"INSPIREID":"ES.IGN.SIGLIM34053535021","NATCODE":"34053535021","NAMEUNIT":"SantaBr├¡gida","CODNUT1":"ES7","CODNUT2":"ES70","CODNUT3":"ES705","CODIGOINE":"35021"},"id":8138},{"type":"Feature","geometry":{"type":"Polygon","coordinates":[[[-15.5433016803249,27.9500501803217],[-15.5427738500269,27.9442799199502],[-15.5393900203191,27.9420999003909],[-15.5393030202805,27.9394109001581],[-15.5402409099461,27.9371265401922],[-15.5401360100771,27.9349332803617],[-15.5415846099481,27.9311880098612],[-15.5444998999632,27.9292273399649],[-15.5457607600247,27.927460250308],[-15.5494630299243,27.9272297401403],[-15.5527309203665,27.9249828400946],[-15.5555493998418,27.9253161196827],[-15.557839139924,27.9237341599755],[-15.5551764103527,27.9186389699755],[-15.5539128301926,27.9182649496082],[-15.5526872900915,27.9135633301147],[-15.550687640269,27.911821939747],[-15.5518474299795,27.910407150167],[-15.5526463296095,27.9070019202805],[-15.550061930436,27.9054087500681],[-15.5522102999469,27.9030377803542],[-15.5525099096538,27.901336000016],[-15.5509667198783,27.8993196902213],[-15.5518306898742,27.8960850396282],[-15.5504699596111,27.8941530297682],[-15.5474039403761,27.8938675901872],[-15.5421398999477,27.89039049995],[-15.5417667802029,27.8880241199578],[-15.5364750599857,27.885670509841],[-15.5352242197329,27.884143199749],[-15.5359986097287,27.881526779838],[-15.5336418400549,27.8809671301482],[-15.5335218601672,27.8793031196967],[-15.5312378702011,27.8777501199964],[-15.5321218097458,27.8746610797947],[-15.5366597697778,27.8736694699009],[-15.5383293597002,27.8725456402584],[-15.5379080902562,27.8705757296992],[-15.5349878999311,27.8695535102529],[-15.5342948595709,27.8651388699103],[-15.5322058300726,27.8614399499882],[-15.5307647697618,27.861159889767],[-15.5284554796441,27.8572915102964],[-15.5279717503383,27.8549228703819],[-15.5296117201109,27.8537337600229],[-15.5284045802018,27.8516719300267],[-15.5269247297387,27.8510016002341],[-15.5233777596871,27.8510497601396],[-15.5202397000579,27.8522879996816],[-15.5153534703768,27.8512531196418],[-15.5122449500492,27.8477710403776],[-15.5026161798099,27.8437424502514],[-15.4986870296055,27.8436971299467],[-15.4899453798453,27.8460872402373],[-15.487919560302,27.8469312798159],[-15.4853561296039,27.8459674199232],[-15.4828409698775,27.8472335199266],[-15.4786005004266,27.8502989603881],[-15.4767123998029,27.8502217602336],[-15.4721298797395,27.8479020096255],[-15.4690598297639,27.8445613500091],[-15.4669226802108,27.8432040599164],[-15.4629658403361,27.8393953298047],[-15.4552505301611,27.8296126397901],[-15.4500030402935,27.8242322098985],[-15.4444958699352,27.8202893398342],[-15.4391137001487,27.8158103499369],[-15.4350046802749,27.8135407003036],[-15.4315086303269,27.8104130000737],[-15.4274533898944,27.805609030161],[-15.4242497200117,27.8080549096978],[-15.4226990400835,27.8103147102176],[-15.4214922801617,27.8138372802133],[-15.420746060435,27.8180598703436],[-15.4229561495959,27.8206006500765],[-15.4233440897463,27.8221873801585],[-15.4224646498629,27.8274042902827],[-15.422317159968,27.8310111802311],[-15.4210873995817,27.8331065798884],[-15.4182045198837,27.8344531998846],[-15.4191838299688,27.8369273397604],[-15.4186419599012,27.8399459297845],[-15.4161852598386,27.844181779646],[-15.4135139396782,27.8473105697054],[-15.4107355097932,27.8481981398131],[-15.4084102700876,27.8477702699231],[-15.4083371903426,27.8497408102222],[-15.409430159769,27.8519140701386],[-15.412877239856,27.8548520599324],[-15.4169883501093,27.8573800698064],[-15.4195975903954,27.8581203401668],[-15.4214292301069,27.8597908603571],[-15.4231484995595,27.8592624096776],[-15.4260154503308,27.8613244797057],[-15.4276752504133,27.8612236397676],[-15.4306795302354,27.8627164699532],[-15.4355087303707,27.8627390999257],[-15.4365996498417,27.863315129811],[-15.441625919689,27.8632293102705],[-15.4490473100863,27.8650529398379],[-15.4538002998478,27.868279130007],[-15.4586133599524,27.8683345596661],[-15.4640616502354,27.8691046802898],[-15.469136969894,27.8685651802241],[-15.4726720300815,27.8694887399383],[-15.4747299697861,27.8712387803321],[-15.4779767597007,27.872724609942],[-15.4812759195996,27.8716947500129],[-15.4838743100337,27.872818620246],[-15.4875459896029,27.8726637000581],[-15.4906995496623,27.8736601496279],[-15.4950396602445,27.8732981202854],[-15.4991196097373,27.8756551200215],[-15.5056098900544,27.8769322300712],[-15.5086426895902,27.8784002399427],[-15.5119113903128,27.8811366503587],[-15.514487209677,27.8851464603267],[-15.5146635902898,27.8869413197379],[-15.5133254903853,27.8892985902608],[-15.5162254596333,27.8938701300177],[-15.5161400801554,27.8960631700607],[-15.517605700406,27.8974333797229],[-15.5173320996217,27.900423820104],[-15.5190575396019,27.9064869699798],[-15.5195508395588,27.9099658602303],[-15.5193129701631,27.9138702399974],[-15.5199514899721,27.9221394598537],[-15.5205279999754,27.9253281103249],[-15.5187801596051,27.9269434298344],[-15.5178238598661,27.9298359903738],[-15.5191953501497,27.9330207502786],[-15.5221533397852,27.9352808298879],[-15.5254607201674,27.9363276502395],[-15.5270384097413,27.9377311200602],[-15.5320025601885,27.940605030279],[-15.5355240701882,27.9435972099145],[-15.5364270504236,27.9460105401702],[-15.5394615001646,27.9467555799728],[-15.5411990395534,27.9491234103228],[-15.5433016803249,27.9500501803217]]]},"properties":{"OBJECTID":8139,"INSPIREID":"ES.IGN.SIGLIM34053535022","NATCODE":"34053535022","NAMEUNIT":"SantaLuc├¡adeTirajana","CODNUT1":"ES7","CODNUT2":"ES70","CODNUT3":"ES705","CODIGOINE":"35022"},"id":8139},{"type":"Feature","geometry":{"type":"Polygon","coordinates":[[[-15.6495886397395,28.1655160898915],[-15.6497158196242,28.1629484698902],[-15.6463250998382,28.1604327501937],[-15.641201449919,28.1532581996464],[-15.6398139696234,28.1478838396755],[-15.6398519198508,28.1461740602949],[-15.6416779900076,28.1440615296984],[-15.6388252802284,28.1407237497553],[-15.6347873898572,28.1388880198479],[-15.635857959792,28.1373187602327],[-15.64136182974,28.136434220326],[-15.6437583597465,28.1354046901208],[-15.641892130405,28.1322698103518],[-15.6406203297617,28.1248715797912],[-15.6384036298987,28.1198352199278],[-15.6387896000436,28.1159121701758],[-15.6381744696697,28.1138845499789],[-15.6346646099208,28.1137766098387],[-15.6315256097555,28.1119630301529],[-15.6320778400933,28.1080221802707],[-15.6335169995689,28.1067275202892],[-15.635705150074,28.1066648201637],[-15.6352468502773,28.1047173096637],[-15.6369470098688,28.1026430403287],[-15.6358009697721,28.0999630099031],[-15.6368371198584,28.0975257199516],[-15.6362459502481,28.0947956696266],[-15.6369570602202,28.0888746897291],[-15.6349800102137,28.085140040175],[-15.6372383398037,28.078921290263],[-15.6359744596062,28.0750139601066],[-15.6355898899348,28.0709649196054],[-15.6376804995697,28.0669154696734],[-15.6350566499821,28.0634661201013],[-15.63286653037,28.0623046896488],[-15.6326319595881,28.0607291696797],[-15.6294766900347,28.0603850296921],[-15.6298576898012,28.0536535596523],[-15.6292243999838,28.0518103503259],[-15.625868310252,28.0473828503485],[-15.6232082801181,28.0445144503704],[-15.6224186304406,28.041634709751],[-15.6204442098029,28.0392607101489],[-15.6186499696517,28.0386269496913],[-15.6188845503151,28.0399656397505],[-15.6216672202482,28.0426322703649],[-15.6233822999583,28.0516008800367],[-15.6245331999407,28.0543656598165],[-15.621681049812,28.0588730000111],[-15.6229244196748,28.0606244000717],[-15.6215440297817,28.0630507298602],[-15.6222526397424,28.0669224198234],[-15.6172403602573,28.0719361700223],[-15.6154461299875,28.0745637299065],[-15.6125584703538,28.076965420111],[-15.611517449602,28.0797006603053],[-15.6101505003022,28.0800409602219],[-15.6092687400704,28.0835641798212],[-15.6070293002542,28.0861836702203],[-15.6015459397425,28.0902405002338],[-15.6003635196734,28.0926313798596],[-15.597964109668,28.0953416602055],[-15.5945537904391,28.0957123600249],[-15.5899720797579,28.1007249896287],[-15.5872590301576,28.1027260102239],[-15.5853513103281,28.1079931597596],[-15.587192749761,28.1126295901799],[-15.5893106196715,28.1139490896245],[-15.5908959799596,28.1190091602645],[-15.589655499977,28.1202712099772],[-15.5894650499503,28.124793190358],[-15.5911698098144,28.1313902401971],[-15.5902903501681,28.1327324900741],[-15.5914014898178,28.1349860000296],[-15.5905389697028,28.1386850803417],[-15.5871851697766,28.1427246496921],[-15.5868721697822,28.1438558300058],[-15.5886339897348,28.1473407502761],[-15.591826799884,28.1459332901907],[-15.5958691899164,28.1454436698104],[-15.5974878004465,28.1444093698249],[-15.6017654098445,28.145020720253],[-15.6024670902011,28.1468428598673],[-15.6044038902931,28.1468027401217],[-15.6072513700806,28.1489692197299],[-15.6099035103114,28.1475555798793],[-15.6124997402972,28.1472470196643],[-15.6142140797955,28.1483776199432],[-15.6174122196492,28.1542866402913],[-15.6217255900804,28.1551851600311],[-15.6216962798493,28.1571621602931],[-15.6250216903175,28.160490549767],[-15.6239778901782,28.1621056899537],[-15.6260591995549,28.1637498998865],[-15.6316897400428,28.1696266501789],[-15.6344442900125,28.1687951902671],[-15.6371250496699,28.1718491396434],[-15.6387098098835,28.1716350398258],[-15.6393323899861,28.1694395399124],[-15.6426889504351,28.1667455896866],[-15.6482671101587,28.1647704200262],[-15.6495886397395,28.1655160898915]]]},"properties":{"OBJECTID":8140,"INSPIREID":"ES.IGN.SIGLIM34053535023","NATCODE":"34053535023","NAMEUNIT":"SantaMar├¡adeGu├¡adeGranCanaria","CODNUT1":"ES7","CODNUT2":"ES70","CODNUT3":"ES705","CODIGOINE":"35023"},"id":8140},{"type":"Feature","geometry":{"type":"Polygon","coordinates":[[[-13.6519849100121,29.1224465600913],[-13.6512482896825,29.1221173099146],[-13.6418640004393,29.0883223698167],[-13.6411777100202,29.072025679897],[-13.6388816996973,29.0631851897958],[-13.6430935703828,29.0477782198738],[-13.6443923896549,29.0397140900829],[-13.6453051803915,29.0382351003641],[-13.645298799658,29.0348687698285],[-13.646618329589,29.0306223300235],[-13.6505308798252,29.0251655200202],[-13.6424850498127,29.0279535100543],[-13.6320847902378,29.0224304501877],[-13.6283145699735,29.0210915499127],[-13.6223383802222,29.0203346296838],[-13.6146461603432,29.0204523098114],[-13.6090822398151,29.0211240603843],[-13.60002189025,29.019214220331],[-13.596868690415,29.0192887403814],[-13.5874214499317,29.0082590097529],[-13.5846749803079,29.0034460996605],[-13.5771577396698,29.0029498297019],[-13.5761050596839,29.0018557198918],[-13.5739982300683,29.003520119622],[-13.5669558900934,29.0056635297366],[-13.5613559803601,29.0053411201559],[-13.5565988502634,29.0070219800735],[-13.5542625397202,29.0030882797221],[-13.551592339759,29.0024991102418],[-13.5537716903675,28.9985977199423],[-13.5542777203502,28.9940998298718],[-13.5520040996375,28.9915123499437],[-13.5515929299522,28.9879431597635],[-13.549220499948,28.9844331501447],[-13.5469215799819,28.9829454297743],[-13.5415453300931,28.9821744303572],[-13.517849769853,28.981191499609],[-13.5156013396974,28.9812204400481],[-13.5113097102927,28.9813318199573],[-13.5109241497795,28.9832425196324],[-13.5085144801153,28.9859474803641],[-13.5024020401899,28.9876853000154],[-13.4980248696106,28.9902878200428],[-13.4951908402978,28.9928470000264],[-13.4912081999098,28.9922870701726],[-13.4861977700559,28.992175690275],[-13.485581440431,28.9943914300278],[-13.4876674399118,28.9953606698755],[-13.4884659496729,28.9976239203707],[-13.485875600059,28.9996324498169],[-13.4828333798908,28.9986262202355],[-13.4813329903471,28.9990243898966],[-13.479712060367,29.0010654097004],[-13.4781602800025,29.0045474598942],[-13.4758577200628,29.0056674398728],[-13.4763361897326,29.013286629904],[-13.4730806403458,29.0152476399423],[-13.4710448000955,29.0148292296943],[-13.4682194197621,29.015319550056],[-13.4647864297504,29.0191282902763],[-13.4636228302848,29.0244934202685],[-13.4653561700497,29.027117620277],[-13.4656161002721,29.0290508599998],[-13.4671610696101,29.0299772399359],[-13.4691402396407,29.03404627021],[-13.4675655198972,29.0362401401032],[-13.4681988097146,29.0388319002689],[-13.4657773496623,29.043417420308],[-13.4631801396145,29.0453649196465],[-13.4645290004378,29.0495621501949],[-13.4637552203982,29.0508401496921],[-13.4656503799834,29.0528290896166],[-13.4663312796125,29.055467420048],[-13.4625000897916,29.0569414598687],[-13.4597260302105,29.0617069001334],[-13.4600602304456,29.0626483400572],[-13.4585373704434,29.0670418597667],[-13.4561392099946,29.0690230697983],[-13.4549379603388,29.072911279839],[-13.4535179098258,29.0735590896473],[-13.4534967697723,29.075525210214],[-13.4515120400684,29.0806830596981],[-13.4547529999167,29.0821754798814],[-13.4624277295971,29.0841605400695],[-13.4681519499961,29.086754630107],[-13.4715890803429,29.0877693501652],[-13.4750243296176,29.0896133099835],[-13.4820182899245,29.0925461201692],[-13.4936943099165,29.0991960499541],[-13.4959691999488,29.1016771196293],[-13.4982341096982,29.1062688703328],[-13.5047576402572,29.1091681896442],[-13.5048986901298,29.1107851397752],[-13.5191968196726,29.1168674000074],[-13.523059030117,29.1169379600533],[-13.5281748799645,29.1192602398015],[-13.528906029554,29.121253659921],[-13.5303614700959,29.1353024899066],[-13.5334833097443,29.1310065000864],[-13.5401015101578,29.1234343199919],[-13.54296202989,29.1212978199729],[-13.5475452003337,29.1186980302046],[-13.555395040409,29.1163246403352],[-13.5593483804474,29.1158906898341],[-13.562798890302,29.1169555998611],[-13.5663831098952,29.1201660196081],[-13.5694110702065,29.1210349201635],[-13.571210790081,29.1223599297422],[-13.5718484996097,29.1245542199729],[-13.5755950097403,29.1266931501029],[-13.5784372397734,29.1290543002715],[-13.5822348802134,29.13093458983],[-13.5851546797713,29.1336547001933],[-13.5905106897185,29.1344186397249],[-13.5965473495631,29.136006210366],[-13.6004449302735,29.1355614597968],[-13.6018787402816,29.1362505503219],[-13.6042122903019,29.1356233099433],[-13.6058044903626,29.1337943997127],[-13.6075612599867,29.1334778598222],[-13.6105510302204,29.1312816798231],[-13.6110152499148,29.1290908500822],[-13.6135369403933,29.1278309899621],[-13.616279699975,29.1285551097572],[-13.6208525101484,29.1273938698958],[-13.6247577498948,29.1238720603557],[-13.6272770203119,29.120450549818],[-13.6283761198418,29.1199519202415],[-13.6304860198991,29.1168510299819],[-13.6342355896916,29.1161104701889],[-13.6389545800163,29.1178406203774],[-13.6407101396098,29.1196985198049],[-13.6399677700623,29.1223026702683],[-13.6414233803858,29.1243903497757],[-13.6453440298326,29.1250409903407],[-13.6486172095553,29.1245145099874],[-13.6519849100121,29.1224465600913]]]},"properties":{"OBJECTID":8141,"INSPIREID":"ES.IGN.SIGLIM34053535024","NATCODE":"34053535024","NAMEUNIT":"Teguise","CODNUT1":"ES7","CODNUT2":"ES70","CODNUT3":"ES708","CODIGOINE":"35024"},"id":8141},{"type":"Feature","geometry":{"type":"Polygon","coordinates":[[[-15.7495918496057,27.9880062499014],[-15.7510635496542,27.9872027801857],[-15.7483236601899,27.985014810275],[-15.7486871401134,27.9838101296798],[-15.7474451302999,27.9798022996417],[-15.7482573501489,27.9782844302998],[-15.7478460699708,27.9751698600044],[-15.7482838702127,27.9722446097779],[-15.7483405098897,27.9668264302952],[-15.7474521703968,27.966312349788],[-15.7479575904234,27.9626758396455],[-15.7459651801238,27.9620302601177],[-15.7426537195936,27.9581151397323],[-15.7396502895778,27.9558579699478],[-15.7385452800316,27.9530007000352],[-15.7384755797487,27.9508177498509],[-15.7363302501366,27.9472881902361],[-15.7346138202587,27.9391294496721],[-15.7305802301227,27.9428630696491],[-15.7296735901509,27.9429508401684],[-15.7262123903443,27.9466551402244],[-15.7247182297188,27.9488854101099],[-15.7221130004105,27.9490041999937],[-15.7166205498464,27.9460002698856],[-15.7129533196328,27.9455114501889],[-15.7088799997068,27.9455725603109],[-15.7033681697871,27.9479944699128],[-15.697392849605,27.9478125497234],[-15.6954854899999,27.9472399303012],[-15.6925439898397,27.9496237802497],[-15.6880986398253,27.9478849499468],[-15.6871354598895,27.9457874100425],[-15.685237510137,27.9445121499242],[-15.6822862003739,27.941012479895],[-15.6837018895661,27.9364324201276],[-15.6838290999935,27.9306724199483],[-15.6870506301806,27.9285214503149],[-15.6878426199693,27.9266840197941],[-15.6878127303249,27.9222368101499],[-15.6869656495547,27.9205897798904],[-15.687658849815,27.9181042896361],[-15.6847095702445,27.9149546401617],[-15.6842547604027,27.9099217099424],[-15.6823574098264,27.9089991500032],[-15.6802158702066,27.9099597596692],[-15.6775106098981,27.9092385701152],[-15.6777591000754,27.9114019203411],[-15.675698910091,27.9145732898652],[-15.6725178103799,27.9177303602904],[-15.6710042003301,27.9162749199138],[-15.6681365596526,27.9156836897636],[-15.6632885101677,27.9120879201028],[-15.6609378499362,27.9144024598704],[-15.6574325203913,27.9145641199654],[-15.6547104400274,27.9155194697939],[-15.6506105398505,27.9197611503155],[-15.6496955500381,27.9217113803961],[-15.647532919772,27.921749190234],[-15.64478719036,27.9235337900159],[-15.6439585502059,27.9258965503273],[-15.6378807196735,27.9311556296569],[-15.6366395300218,27.9348962997317],[-15.6349723898051,27.9358819201456],[-15.6313247096271,27.9394742802827],[-15.630881939905,27.9463466998058],[-15.6279622598231,27.9493222600261],[-15.624974930312,27.9486766601565],[-15.6221710700197,27.9504333503859],[-15.6166085400836,27.950886659717],[-15.6126772698552,27.9532733199158],[-15.6110305195989,27.9563627299718],[-15.6095050904149,27.9575186000173],[-15.6053514700857,27.9646045398728],[-15.6009412801315,27.9655098498737],[-15.5990498701143,27.9633452199498],[-15.6004471896572,27.9600111198481],[-15.5986677501486,27.9581731703942],[-15.5968030596212,27.957847080279],[-15.5932803503705,27.9548849198897],[-15.5886510002331,27.9520527501813],[-15.5850153197506,27.9526530202522],[-15.5819657001594,27.9545972196586],[-15.579589419976,27.9578806601517],[-15.5780214304105,27.9589318001019],[-15.5775005602593,27.9609694503853],[-15.5757229901448,27.9622045797611],[-15.5717677304067,27.9621162099725],[-15.5747996801362,27.9652573701506],[-15.58227432985,27.9757767100231],[-15.5856179698303,27.9791129203207],[-15.587212190202,27.9825199201591],[-15.5891014703138,27.9828128903548],[-15.592297640162,27.9851162900072],[-15.5933694704332,27.9879015903528],[-15.5923720700749,27.99087596995],[-15.5956037799708,27.9939755002873],[-15.5967252996535,27.9977002199775],[-15.5961012795515,28.0003047197961],[-15.597261670235,28.0031516101723],[-15.5995299100392,28.004970720198],[-15.6000328498173,28.0115510503664],[-15.6007826502287,28.0135031403002],[-15.6043181101666,28.0169771800399],[-15.6103923896587,28.017980430056],[-15.6121375296932,28.0191515200011],[-15.6138260498136,28.0186558096756],[-15.6132919995806,28.0170664803081],[-15.6174403000867,28.0161416398266],[-15.6215980697342,28.0176820700351],[-15.6248963196398,28.0155464203231],[-15.6252086503894,28.0141224000656],[-15.6286140504438,28.0112561700259],[-15.6333979898618,28.0092200797249],[-15.6336129198784,28.0082715103874],[-15.6387461404485,28.0035632303171],[-15.6413950997448,28.0038412299678],[-15.6450653303315,28.0018451702797],[-15.6488434198377,28.0023509897146],[-15.6496861599484,28.0014178502101],[-15.6542607703457,28.0020741196302],[-15.6576383396942,28.0019472599638],[-15.6610891702475,28.0043011199825],[-15.6667882000892,28.0047077501164],[-15.6703691102889,28.0043177099579],[-15.6736341602582,28.0011314899844],[-15.6746939001039,27.9982915000259],[-15.6785219404315,27.9953123001313],[-15.6789492097233,27.9935539196348],[-15.6845273299211,27.9928818497848],[-15.6862936198906,27.9922475601056],[-15.6884873201875,27.9930775197577],[-15.6909816003717,27.9910108201781],[-15.6903957299232,27.9897015400516],[-15.6920413303359,27.9876580601984],[-15.6940745996079,27.9881310698669],[-15.6949954599107,27.9904910698664],[-15.69677885021,27.9906222701117],[-15.7019006199552,27.9929923497139],[-15.7048220598368,27.9932606097807],[-15.7089704097502,27.992728610327],[-15.7120175904154,27.9896400099077],[-15.7151470001667,27.9897474100021],[-15.7218066398643,27.9863838699161],[-15.7219536401774,27.984041629667],[-15.7246517804389,27.9807083301629],[-15.726271200351,27.9801811103477],[-15.7307756702909,27.9816098701306],[-15.7348310697253,27.9819793802094],[-15.7381569697753,27.9844619901706],[-15.7399824704002,27.9848659797722],[-15.7404146103575,27.9871019203669],[-15.7428922196066,27.986983189869],[-15.7458571101002,27.9882214998393],[-15.7495918496057,27.9880062499014]]]},"properties":{"OBJECTID":8142,"INSPIREID":"ES.IGN.SIGLIM34053535025","NATCODE":"34053535025","NAMEUNIT":"Tejeda","CODNUT1":"ES7","CODNUT2":"ES70","CODNUT3":"ES705","CODIGOINE":"35025"},"id":8142},{"type":"Feature","geometry":{"type":"Polygon","coordinates":[[[-15.531948879562,27.9552547698637],[-15.5306971302142,27.9533370196248],[-15.5263734201741,27.951418360067],[-15.5158054397457,27.9504747297862],[-15.5090668596943,27.9523851702144],[-15.5000809301605,27.9496789603353],[-15.4959768195799,27.9500820501765],[-15.4947974097652,27.9486426401789],[-15.488346340012,27.9489584801559],[-15.4806582101625,27.9489609798091],[-15.4801534198549,27.9506264501507],[-15.4772975102767,27.9499169897471],[-15.4743675696375,27.9502582697827],[-15.4719438404408,27.9514059096963],[-15.4686540400888,27.9506605901196],[-15.4657882202964,27.9516428402424],[-15.4607766001746,27.9501608701384],[-15.4592444003884,27.950663599972],[-15.45810507969,27.9482814402169],[-15.4524644403417,27.9468854899186],[-15.450151779745,27.9478714802522],[-15.4483961204385,27.9468862699841],[-15.445796110342,27.9474597499045],[-15.4441141299569,27.9467257803204],[-15.4419931096547,27.9474204103647],[-15.4383536697227,27.946898679611],[-15.4353310400143,27.9426826700583],[-15.4311605295611,27.9429440399396],[-15.4288250400781,27.9411099600072],[-15.4276190203681,27.9381144703312],[-15.422073850375,27.9369962002672],[-15.4190236001665,27.9381159401161],[-15.4148682999876,27.9383740600685],[-15.4145505802447,27.9397045199009],[-15.4113220800293,27.9394578596891],[-15.4059042695839,27.9413553601835],[-15.4026373601019,27.9410929397017],[-15.3971878202624,27.938913889904],[-15.3916418696332,27.9381703197631],[-15.3871366496001,27.9367805902123],[-15.3799036700539,27.931418540159],[-15.3764813295699,27.934804740158],[-15.3725074396711,27.9358040397476],[-15.3696134199653,27.93305941966],[-15.3648074098391,27.9311331703389],[-15.3614412401115,27.9293483301305],[-15.3596134200366,27.9292411699363],[-15.3585140896396,27.9312092802485],[-15.3598405797174,27.9327693501523],[-15.3588579602388,27.9340772599771],[-15.3612122900883,27.9369101796241],[-15.3648247697819,27.9387214596441],[-15.3682284199181,27.9385688702111],[-15.3696508895941,27.9401864400848],[-15.3683388695789,27.9444597701011],[-15.3714458897201,27.9443124001796],[-15.3749213799262,27.9451903601991],[-15.3748792803804,27.9468352403581],[-15.3776446002521,27.9463383999626],[-15.3800084702099,27.9479035396145],[-15.38108059962,27.9501239899451],[-15.3777358403389,27.954152140244],[-15.3777921700971,27.9554410798144],[-15.380600929801,27.9565463996731],[-15.3818579396831,27.9578284002802],[-15.380309909785,27.9596625001724],[-15.380413809829,27.9623306697363],[-15.3782431701838,27.962330330143],[-15.3789888500231,27.9644957198964],[-15.3828873101841,27.9646004799134],[-15.3830931196056,27.9670273300865],[-15.3843322404371,27.9678065299846],[-15.3824188504415,27.9710147197477],[-15.3836160397122,27.9722896398358],[-15.3809624397191,27.974666659609],[-15.3811791097724,27.9761402099031],[-15.3770224396628,27.9764630999482],[-15.3757042500182,27.9789943301704],[-15.3782367696874,27.9829431099168],[-15.3751416504271,27.9850838101571],[-15.3753868500755,27.9868813596856],[-15.3741634102355,27.9883317602242],[-15.3704434596945,27.9889295003071],[-15.3679694095706,27.9913243198722],[-15.3703002897978,27.9946486198669],[-15.3699713797414,27.9966111102111],[-15.3737037997969,27.9960115399912],[-15.3756324297113,27.9993463500748],[-15.3741322198306,28.0013878800556],[-15.376403520195,28.0075905701889],[-15.3736775600074,28.0093366396066],[-15.3777016199165,28.009704789653],[-15.3800390803032,28.0114658703385],[-15.3815599801815,28.0147096302533],[-15.3853336598579,28.0166895899281],[-15.3860093798012,28.0190537099248],[-15.3852031301556,28.0214544902954],[-15.3869639197406,28.0254178799341],[-15.3863805097777,28.0264179198554],[-15.388892270279,28.0292616103145],[-15.391771400409,28.0292922498915],[-15.3926172603687,28.0308217396915],[-15.3949008703474,28.0313131097691],[-15.3972210597245,28.029730180001],[-15.3986733804174,28.0300756701481],[-15.4016812903316,28.028506590177],[-15.4067068397301,28.0289416902652],[-15.4102490801517,28.0307821300356],[-15.413506300405,28.0305947901924],[-15.4159175699687,28.0323099501654],[-15.4168186098431,28.034530260278],[-15.4167447296992,28.0368671997532],[-15.4178230898242,28.0381053002429],[-15.4208390396601,28.0388251903282],[-15.4239579597839,28.038280219972],[-15.4273518901487,28.0367626796505],[-15.4295721096111,28.0351229001568],[-15.434098079829,28.0350184402063],[-15.4374278004139,28.0331409300829],[-15.4392961300165,28.0334083400623],[-15.4411650596938,28.0314425697633],[-15.4434485304336,28.0305395500126],[-15.4448421902401,28.0274183501392],[-15.449462840194,28.0249857797232],[-15.4526035498533,28.0252514503448],[-15.45533792995,28.0244633401511],[-15.4565288103525,28.025131739733],[-15.4586014797328,28.0240791603496],[-15.463807429705,28.0237329602595],[-15.4657424699972,28.0228090802642],[-15.4684647399056,28.0235888999471],[-15.4700999602853,28.0224458702052],[-15.4739976398103,28.0226436402688],[-15.4770435897835,28.0222125098652],[-15.4791944098986,28.0231917999375],[-15.4849352096044,28.0224106800296],[-15.4863474196216,28.0213469901662],[-15.486804769899,28.0192046898886],[-15.4882017103529,28.0174393803933],[-15.491442389927,28.0160649498261],[-15.4963152203373,28.0157694497846],[-15.5030148997437,28.0134742401817],[-15.4995727199666,28.0125746202886],[-15.4943222701502,28.0140377098044],[-15.4914358798361,28.0125835296674],[-15.4904982201392,28.0104499701474],[-15.4850243197857,28.0068936896362],[-15.4750133702919,28.0080016102683],[-15.4733803903106,28.0086158400891],[-15.4663582300902,28.0085047399396],[-15.4620261504466,28.0070180903778],[-15.4608176199455,28.0060660999556],[-15.4617628497453,28.002297770263],[-15.4615101401811,27.9974493900779],[-15.4605799302129,27.997231050072],[-15.4585924103417,27.9927864803847],[-15.4609817295714,27.9902344801525],[-15.4622243196966,27.9901769402981],[-15.4632092999478,27.9833673998904],[-15.4683011396244,27.9813460902055],[-15.4720746001119,27.9810534603192],[-15.4765179100523,27.9787937398457],[-15.4817103403795,27.9779578702207],[-15.4839975696704,27.9782675903866],[-15.486519950055,27.97478159003],[-15.4882633204084,27.9708791503067],[-15.4924604003328,27.9676976100948],[-15.4977711899868,27.9646221602693],[-15.5003673103782,27.9637014700711],[-15.5041305498344,27.9642315696426],[-15.5073160396123,27.9627789899542],[-15.508771870023,27.9601287303137],[-15.5111546504158,27.959239719764],[-15.5173524204117,27.9596986796546],[-15.5189813498894,27.9580258802851],[-15.5225337098327,27.9559580099461],[-15.5246133896655,27.9535831101429],[-15.5265121398169,27.9530937399529],[-15.531948879562,27.9552547698637]]]},"properties":{"OBJECTID":8143,"INSPIREID":"ES.IGN.SIGLIM34053535026","NATCODE":"34053535026","NAMEUNIT":"Telde","CODNUT1":"ES7","CODNUT2":"ES70","CODNUT3":"ES705","CODIGOINE":"35026"},"id":8143},{"type":"Feature","geometry":{"type":"Polygon","coordinates":[[[-15.5691747199829,28.0261434398065],[-15.5676355501683,28.025188570234],[-15.5604094400391,28.0248260200349],[-15.5577540398222,28.0273209297824],[-15.5514428000294,28.0296613403392],[-15.5504878801027,28.0310533599018],[-15.546607140109,28.0316424301181],[-15.5442804496242,28.0330346896843],[-15.5404484701841,28.0364149702453],[-15.5391451997598,28.038342439891],[-15.5379192096027,28.0394891803398],[-15.5356561297215,28.0383246396681],[-15.5286608902136,28.0407040601343],[-15.5240182099757,28.043712409871],[-15.5213916402895,28.0431462096195],[-15.5174480802096,28.0449546296359],[-15.5126237803842,28.0457357500247],[-15.5070339102225,28.0482412703337],[-15.5098746903748,28.0476542199189],[-15.5104482898365,28.0495268301464],[-15.5131369402953,28.0500758803335],[-15.5192592598922,28.0498268603098],[-15.5208164597929,28.0508162703653],[-15.5238512796397,28.0500052603831],[-15.5272490296411,28.0525205100848],[-15.5217724199688,28.0573898397721],[-15.5218372900104,28.0622974601676],[-15.5175512103975,28.0676935602649],[-15.5165958700592,28.0702150099388],[-15.5134153299985,28.0721745999733],[-15.5088369799147,28.0778500098309],[-15.5067185898797,28.0790074900415],[-15.5073931096737,28.0815233299008],[-15.5100998800502,28.080345579801],[-15.513839350084,28.08303350012],[-15.5128809402023,28.0836792301916],[-15.5130217699877,28.0873780697703],[-15.5100142795868,28.0899911802032],[-15.508178689983,28.0923538600698],[-15.5070697503074,28.0953006098505],[-15.5053240802669,28.0972421402848],[-15.5045028799601,28.1003744299736],[-15.5066110902863,28.100014529618],[-15.5148898103328,28.0950369302267],[-15.5187059902037,28.0901228598685],[-15.5190742204185,28.086730609668],[-15.5208826000523,28.0845422597747],[-15.5299168203208,28.082935970051],[-15.5374100696525,28.0848023400981],[-15.5396211703164,28.0863779698826],[-15.5425903601469,28.0866507499617],[-15.5464837097923,28.0862090097807],[-15.5494127098953,28.0849209801378],[-15.5506318503983,28.0822567498957],[-15.5529965701623,28.0799417899728],[-15.5562098097976,28.0782461503251],[-15.5561998798205,28.0747129000983],[-15.5574706698591,28.0737404596962],[-15.5600038201456,28.0668578400084],[-15.5621025604321,28.064425910203],[-15.5626789797055,28.0616449396179],[-15.564164350316,28.0591999402405],[-15.5668363603825,28.0577140297407],[-15.567604940075,28.05343898037],[-15.5686063603942,28.0510087297135],[-15.5663487296935,28.0486691498054],[-15.5685514104482,28.0475119500954],[-15.5672617602803,28.0453054399528],[-15.5655457202711,28.0449355603866],[-15.5630015000453,28.0403527701894],[-15.5652217698134,28.037586429718],[-15.5645284599585,28.0326475400494],[-15.5688490699126,28.0295500700101],[-15.5691747199829,28.0261434398065]]]},"properties":{"OBJECTID":8144,"INSPIREID":"ES.IGN.SIGLIM34053535027","NATCODE":"34053535027","NAMEUNIT":"Teror","CODNUT1":"ES7","CODNUT2":"ES70","CODNUT3":"ES705","CODIGOINE":"35027"},"id":8144},{"type":"Feature","geometry":{"type":"Polygon","coordinates":[[[-13.7004612699159,28.9178994103047],[-13.6945115400412,28.918342730312],[-13.6899647199256,28.91995010987],[-13.6853651696011,28.9191319399873],[-13.6789581702975,28.9212558503035],[-13.6733352403367,28.9215507198068],[-13.6701340300413,28.9192015800326],[-13.6566057099846,28.9198966600882],[-13.6546807200437,28.9186780499563],[-13.6525783999708,28.9187220002748],[-13.6484266104082,28.9198770696123],[-13.6448945200509,28.9190428798884],[-13.6409070898459,28.9200937802497],[-13.6386756396458,28.9220115503066],[-13.635015719922,28.9261601403176],[-13.6311749100427,28.9280479198491],[-13.6274346899156,28.9265722002105],[-13.6251186597383,28.9283408697233],[-13.6193754399711,28.9317168697455],[-13.6158094202456,28.9304140898439],[-13.6133580103617,28.933006910314],[-13.6111867499807,28.9344302698308],[-13.608555739922,28.9346314198392],[-13.608859920257,28.936205750284],[-13.6067307603201,28.9401473402913],[-13.6049384901742,28.9418281102148],[-13.6255118999489,28.9676357199493],[-13.6311429803242,28.9724781198746],[-13.637105409682,28.9801926597274],[-13.6378312996356,28.9819779202364],[-13.6416532601653,28.9855462098895],[-13.6460571699973,28.9924504401297],[-13.6477131998505,28.9976392698499],[-13.6476670399197,29.0003192000816],[-13.6511254001516,29.0050838898917],[-13.6525745003842,29.0064702001864],[-13.6600097499896,29.0069343696242],[-13.6791307402568,28.9947909399445],[-13.6957022497638,28.985715549949],[-13.6980660604328,28.9822818597135],[-13.7003187198567,28.9754094197109],[-13.7064233300661,28.9626264903496],[-13.7048449200433,28.9405991497657],[-13.7021870198149,28.9366025202049],[-13.7014234203824,28.9337423298733],[-13.7019672595571,28.9320878600628],[-13.7006999495919,28.9252788402083],[-13.7014165500671,28.9205394497394],[-13.7004612699159,28.9178994103047]]]},"properties":{"OBJECTID":8145,"INSPIREID":"ES.IGN.SIGLIM34053535028","NATCODE":"34053535028","NAMEUNIT":"T├¡as","CODNUT1":"ES7","CODNUT2":"ES70","CODNUT3":"ES708","CODIGOINE":"35028"},"id":8145},{"type":"Feature","geometry":{"type":"Polygon","coordinates":[[[-13.8073325097609,29.0371886297621],[-13.7448906700573,28.9980442003252],[-13.6957022497638,28.985715549949],[-13.6791307402568,28.9947909399445],[-13.6600097499896,29.0069343696242],[-13.6600223299969,29.0077106398017],[-13.6543395102544,29.0197725298551],[-13.6528945898829,29.0234311803589],[-13.6505308798252,29.0251655200202],[-13.646618329589,29.0306223300235],[-13.645298799658,29.0348687698285],[-13.6453051803915,29.0382351003641],[-13.6443923896549,29.0397140900829],[-13.6430935703828,29.0477782198738],[-13.6388816996973,29.0631851897958],[-13.6411777100202,29.072025679897],[-13.6418640004393,29.0883223698167],[-13.6512482896825,29.1221173099146],[-13.6519849100121,29.1224465600913],[-13.652962139599,29.1214790900696],[-13.6576371502039,29.1237902299016],[-13.6591935101798,29.1230531596158],[-13.6617769697155,29.1203012399485],[-13.6626310097342,29.1181574202986],[-13.6616421703206,29.1160276902292],[-13.6590834800322,29.114184589679],[-13.6595224597621,29.1122694700147],[-13.6618368801584,29.1132121799746],[-13.6652858503007,29.1095410899074],[-13.6743083700126,29.1065026898648],[-13.677470309557,29.10352873978],[-13.6808084096269,29.103728570192],[-13.6820074997328,29.1003489300522],[-13.6807194602441,29.0981342701368],[-13.6830284296633,29.0952988802671],[-13.6869145002598,29.0937540697867],[-13.6879606997993,29.0923582798332],[-13.6914558801781,29.0923788800929],[-13.6920086297421,29.0902679996779],[-13.700148790046,29.0907830200976],[-13.7033452204057,29.0877473901202],[-13.7077818396938,29.0795001601737],[-13.7095983904035,29.0794012299403],[-13.7108050200695,29.0810914100082],[-13.715329119995,29.0812060996088],[-13.7156408201272,29.0820835698644],[-13.7189005601549,29.0830885000251],[-13.7220891401373,29.0848696801536],[-13.7260868596457,29.0837760100368],[-13.7271502996521,29.0812619099502],[-13.7307248003722,29.0823263900572],[-13.7378270696546,29.0798818202265],[-13.7393487798133,29.0804556599411],[-13.7430665196004,29.0802243099765],[-13.7462006499985,29.0777925901175],[-13.7513196295765,29.0788339500127],[-13.7555790804293,29.0778013800095],[-13.7579631696675,29.0756900202668],[-13.7590571398171,29.0710704497746],[-13.7608106099292,29.0673846999799],[-13.7637022598794,29.0655784300763],[-13.7650853501083,29.0657987402638],[-13.7672269696782,29.0638248499126],[-13.769282790257,29.0664717299136],[-13.7713601200971,29.0629837299382],[-13.7743034501255,29.062427639955],[-13.7751838601894,29.063460900286],[-13.7794540701644,29.0611813200097],[-13.7836162703029,29.0560984297479],[-13.7899490498995,29.0538534296092],[-13.7932578298569,29.051518700256],[-13.7964813498123,29.0479340902304],[-13.7991892996767,29.0422907303803],[-13.8049655397171,29.0391348196125],[-13.8073325097609,29.0371886297621]]]},"properties":{"OBJECTID":8146,"INSPIREID":"ES.IGN.SIGLIM34053535029","NATCODE":"34053535029","NAMEUNIT":"Tinajo","CODNUT1":"ES7","CODNUT2":"ES70","CODNUT3":"ES708","CODIGOINE":"35029"},"id":8146},{"type":"Feature","geometry":{"type":"Polygon","coordinates":[[[-14.1272973797597,28.1890060701279],[-14.1251822299479,28.1905125899973],[-14.12110063025,28.1915488600619],[-14.1165241396788,28.1916764601549],[-14.1144462501884,28.1891473597717],[-14.1124759896488,28.1885244101372],[-14.1100277202751,28.1890356601447],[-14.105327200211,28.1930605901636],[-14.1031668103432,28.1929995200908],[-14.0999746901002,28.1944805596725],[-14.0968327802917,28.1948263397377],[-14.0951146696658,28.192450069967],[-14.0919244098338,28.1944228703051],[-14.0894501800467,28.1946050099375],[-14.087200880322,28.1960125899201],[-14.0810741598785,28.1978517901994],[-14.0770019502702,28.1977151696636],[-14.0764006701213,28.2001040099575],[-14.0721813299442,28.2016577900593],[-14.0683988503712,28.1991146397291],[-14.0650694100607,28.2011977801421],[-14.0599610898919,28.2023199601294],[-14.0537064098261,28.2022849801329],[-14.0494441697042,28.2032302799318],[-14.0487034602435,28.2023071603891],[-14.0418965902641,28.2031812497676],[-14.0339878997578,28.2069194096741],[-14.0317942901908,28.2073543199565],[-14.0285401700235,28.2063392101506],[-14.0244409597527,28.2084020303668],[-14.0227709296558,28.2098915499888],[-14.0191100199885,28.2110956300858],[-14.0165866604403,28.2110269701052],[-14.0131394402162,28.2077057501926],[-14.0089377501377,28.2094282800167],[-14.0029666196981,28.215250160321],[-13.9989200300417,28.2164644299976],[-13.9955144700872,28.218097580357],[-13.9919347402739,28.2224236999458],[-13.9888562802705,28.2269474801625],[-13.986640280195,28.2281812098788],[-13.9845375900162,28.2282062301249],[-13.9833380803971,28.2270230103119],[-13.9812967298809,28.2284240299645],[-13.9774907297188,28.2290193398184],[-13.9732943900062,28.2285465102725],[-13.9667475104364,28.2287580599298],[-13.9590367196855,28.2271895099852],[-13.9525782999167,28.2277422402137],[-13.9484825203119,28.2277378902246],[-13.9445257801502,28.2291380496604],[-13.9405100197761,28.2324800701743],[-13.9363085399034,28.2334556697062],[-13.9348751700698,28.2354474097024],[-13.9314349297555,28.2382574701015],[-13.9303241000246,28.2403924901515],[-13.926939430392,28.2414924200847],[-13.9235607597089,28.247062939763],[-13.9223922796963,28.2475050403907],[-13.9219248296601,28.2503921698048],[-13.9216331502807,28.2520309296056],[-13.9375673095852,28.2745608502605],[-13.9493461103204,28.2909633996355],[-13.963791119802,28.3115111503641],[-13.9804381201323,28.3349352300195],[-14.0232095401781,28.3579709296711],[-14.0590317602725,28.3770544203843],[-14.0596465798294,28.3779342202198],[-14.0626575898297,28.3755900201943],[-14.0644562703534,28.365998259683],[-14.0636758697301,28.3584016796084],[-14.0619698396481,28.3562949298634],[-14.0583900604274,28.3549253401428],[-14.0582214196991,28.3520628003353],[-14.0613519298867,28.3499721703178],[-14.0640024603364,28.3455854702692],[-14.0654745403723,28.3452615698744],[-14.0710495595857,28.3412657000972],[-14.0738793398673,28.3396691801452],[-14.0759812799528,28.3337439996588],[-14.0796785201851,28.3320810097183],[-14.0819406200043,28.3300201501199],[-14.0864656802288,28.3270807698333],[-14.0937505500591,28.3257491502708],[-14.0988490498452,28.3223708497896],[-14.1012673801671,28.3198593497525],[-14.1041615696545,28.3201951998066],[-14.106998469983,28.3188417302171],[-14.1112335198978,28.3124875796546],[-14.1116910498383,28.3102068296167],[-14.113634630414,28.3082968003845],[-14.1174993399715,28.3084120796592],[-14.1202817700544,28.3061824000485],[-14.1235324900983,28.3028002699303],[-14.1267762598769,28.3014950198024],[-14.128346060446,28.2978402497663],[-14.1316364698558,28.2945303698151],[-14.1348260101373,28.2923210199728],[-14.1407880199818,28.2902644499699],[-14.1450024400861,28.2924852503315],[-14.1468273900437,28.2925508101486],[-14.152371640162,28.289263490306],[-14.1546647004175,28.2894492001219],[-14.1596854195747,28.2877208596687],[-14.1582863402321,28.282782789966],[-14.1586336199378,28.2801130400675],[-14.155170339633,28.2783495400005],[-14.1508063096098,28.2783225102396],[-14.1463507700051,28.275703219739],[-14.1456784501852,28.2730632396436],[-14.1422390803384,28.2670931401989],[-14.1419599603048,28.2650242900657],[-14.1399216802302,28.2647939499433],[-14.1383047998554,28.2617327601794],[-14.1394706603806,28.258869620033],[-14.1412327803706,28.256524729869],[-14.1430802996013,28.2524111197296],[-14.1399366497561,28.249069580364],[-14.1410650101098,28.2456465301507],[-14.1393274895856,28.2436768301453],[-14.1392024503862,28.2414735298247],[-14.1374684395798,28.2390795702619],[-14.1390810799065,28.2350006300314],[-14.1395365095859,28.2303177303444],[-14.1367248797646,28.223800809821],[-14.1358771099866,28.2227664102881],[-14.1390175501513,28.2200420797522],[-14.1399570397164,28.215985960316],[-14.139745720029,28.2131051096998],[-14.13850415039,28.2103531801071],[-14.1386292102506,28.2049198700415],[-14.1372033503327,28.2022922397597],[-14.1315772403359,28.1974273899457],[-14.1296060599214,28.1967469002089],[-14.1279411403401,28.1947414103903],[-14.1279879398714,28.1914821502716],[-14.1272973797597,28.1890060701279]]]},"properties":{"OBJECTID":8147,"INSPIREID":"ES.IGN.SIGLIM34053535030","NATCODE":"34053535030","NAMEUNIT":"Tuineje","CODNUT1":"ES7","CODNUT2":"ES70","CODNUT3":"ES704","CODIGOINE":"35030"},"id":8147},{"type":"Feature","geometry":{"type":"Polygon","coordinates":[[[-15.5542761600974,27.9542219898689],[-15.5512868803439,27.9514391797181],[-15.5474437402347,27.95091569961],[-15.5455385797054,27.9497247703311],[-15.5433016803249,27.9500501803217],[-15.5447866404053,27.9511730597265],[-15.5454216495982,27.9536739301223],[-15.5430945899058,27.9537922203846],[-15.5414598797692,27.9564903201107],[-15.5363241196618,27.955229070163],[-15.5324406496879,27.9566066600762],[-15.531948879562,27.9552547698637],[-15.5265121398169,27.9530937399529],[-15.5246133896655,27.9535831101429],[-15.5225337098327,27.9559580099461],[-15.5189813498894,27.9580258802851],[-15.5173524204117,27.9596986796546],[-15.5111546504158,27.959239719764],[-15.508771870023,27.9601287303137],[-15.5073160396123,27.9627789899542],[-15.5041305498344,27.9642315696426],[-15.5003673103782,27.9637014700711],[-15.4977711899868,27.9646221602693],[-15.4924604003328,27.9676976100948],[-15.4882633204084,27.9708791503067],[-15.486519950055,27.97478159003],[-15.4839975696704,27.9782675903866],[-15.4817103403795,27.9779578702207],[-15.4765179100523,27.9787937398457],[-15.4720746001119,27.9810534603192],[-15.4683011396244,27.9813460902055],[-15.4632092999478,27.9833673998904],[-15.4622243196966,27.9901769402981],[-15.4609817295714,27.9902344801525],[-15.4585924103417,27.9927864803847],[-15.4605799302129,27.997231050072],[-15.4615101401811,27.9974493900779],[-15.4617628497453,28.002297770263],[-15.4608176199455,28.0060660999556],[-15.4620261504466,28.0070180903778],[-15.4663582300902,28.0085047399396],[-15.4733803903106,28.0086158400891],[-15.4750133702919,28.0080016102683],[-15.4850243197857,28.0068936896362],[-15.4904982201392,28.0104499701474],[-15.4914358798361,28.0125835296674],[-15.4943222701502,28.0140377098044],[-15.4995727199666,28.0125746202886],[-15.5030148997437,28.0134742401817],[-15.5056352503932,28.0145419897647],[-15.5097154397362,28.0137734398199],[-15.5119592597376,28.008612119648],[-15.513103660409,28.0077951898506],[-15.5145402003973,28.0046579002564],[-15.5171527599583,28.0037405903478],[-15.5193125704128,28.0014118603043],[-15.5216047503193,28.002102730135],[-15.5241029300901,28.0015590800688],[-15.5264996101153,28.002678920227],[-15.5287979803125,28.0000124998804],[-15.5320498699629,27.9983633698508],[-15.5357833096062,27.9988521896744],[-15.5397746699406,27.9966389202512],[-15.5404919001348,27.9953641500046],[-15.5458946898504,27.9921638798721],[-15.5471817402939,27.9900860899631],[-15.5489936700698,27.9890176101581],[-15.5501009397772,27.9842402801774],[-15.5479836304154,27.9788961099847],[-15.5483099497306,27.9726285999432],[-15.5490198802148,27.9689764300326],[-15.5491049596554,27.9637649200432],[-15.5505476998157,27.9619764502767],[-15.5542761600974,27.9542219898689]]]},"properties":{"OBJECTID":8148,"INSPIREID":"ES.IGN.SIGLIM34053535031","NATCODE":"34053535031","NAMEUNIT":"ValsequillodeGranCanaria","CODNUT1":"ES7","CODNUT2":"ES70","CODNUT3":"ES705","CODIGOINE":"35031"},"id":8148},{"type":"Feature","geometry":{"type":"Polygon","coordinates":[[[-15.6138260498136,28.0186558096756],[-15.6121375296932,28.0191515200011],[-15.6103923896587,28.017980430056],[-15.6043181101666,28.0169771800399],[-15.6007826502287,28.0135031403002],[-15.6000328498173,28.0115510503664],[-15.5974353100878,28.0128917600941],[-15.5917981202702,28.0133567299249],[-15.5894311897523,28.01466503982],[-15.5868289302743,28.0144417701535],[-15.5856569701883,28.0154688496117],[-15.5807960397606,28.0176294600718],[-15.580006310133,28.0187122803886],[-15.5763335202462,28.0206132600609],[-15.5733876803248,28.0229675297442],[-15.5710286495915,28.0256134297537],[-15.5691747199829,28.0261434398065],[-15.5688490699126,28.0295500700101],[-15.5645284599585,28.0326475400494],[-15.5652217698134,28.037586429718],[-15.5630015000453,28.0403527701894],[-15.5655457202711,28.0449355603866],[-15.5672617602803,28.0453054399528],[-15.5685514104482,28.0475119500954],[-15.5663487296935,28.0486691498054],[-15.5686063603942,28.0510087297135],[-15.567604940075,28.05343898037],[-15.5668363603825,28.0577140297407],[-15.564164350316,28.0591999402405],[-15.5626789797055,28.0616449396179],[-15.5621025604321,28.064425910203],[-15.5600038201456,28.0668578400084],[-15.5574706698591,28.0737404596962],[-15.5561998798205,28.0747129000983],[-15.5562098097976,28.0782461503251],[-15.5588471197414,28.0785148399146],[-15.5621401701981,28.0779319399893],[-15.5686316201216,28.0778068698562],[-15.5712325698559,28.0773007797274],[-15.5771057803363,28.0778819496809],[-15.5791165396239,28.0765055402419],[-15.5832676797047,28.0754243701055],[-15.5851412303157,28.0728026697763],[-15.5869052798869,28.0721255502197],[-15.5897873897287,28.0686575501663],[-15.5887591097826,28.0675835103555],[-15.5915009899136,28.0613419602473],[-15.5916846702363,28.0573034498313],[-15.5950116698243,28.0570150399804],[-15.5958072304163,28.0558257902615],[-15.5960242103884,28.0513349803511],[-15.5988454000809,28.0472748100487],[-15.5971210201126,28.0460032999492],[-15.5987646397402,28.0447785901764],[-15.5997033396862,28.042609570237],[-15.5991366401842,28.0402865902617],[-15.6003462396805,28.0388056196852],[-15.6045736799666,28.0359211599218],[-15.6069763499581,28.0318365500753],[-15.6071365896419,28.0303761098032],[-15.6104418598814,28.0267155396163],[-15.6123030496742,28.0208242997893],[-15.6138260498136,28.0186558096756]]]},"properties":{"OBJECTID":8149,"INSPIREID":"ES.IGN.SIGLIM34053535032","NATCODE":"34053535032","NAMEUNIT":"Valleseco","CODNUT1":"ES7","CODNUT2":"ES70","CODNUT3":"ES705","CODIGOINE":"35032"},"id":8149},{"type":"Feature","geometry":{"type":"Polygon","coordinates":[[[-15.6000328498173,28.0115510503664],[-15.5995299100392,28.004970720198],[-15.597261670235,28.0031516101723],[-15.5961012795515,28.0003047197961],[-15.5967252996535,27.9977002199775],[-15.5956037799708,27.9939755002873],[-15.5923720700749,27.99087596995],[-15.5933694704332,27.9879015903528],[-15.592297640162,27.9851162900072],[-15.5891014703138,27.9828128903548],[-15.587212190202,27.9825199201591],[-15.5856179698303,27.9791129203207],[-15.58227432985,27.9757767100231],[-15.5747996801362,27.9652573701506],[-15.5717677304067,27.9621162099725],[-15.568925079962,27.9632135302958],[-15.5660988300595,27.9615480097448],[-15.5626998502645,27.9611858698709],[-15.5602586200894,27.9593206500039],[-15.5568500399989,27.9576846303562],[-15.5542761600974,27.9542219898689],[-15.5505476998157,27.9619764502767],[-15.5491049596554,27.9637649200432],[-15.5490198802148,27.9689764300326],[-15.5483099497306,27.9726285999432],[-15.5479836304154,27.9788961099847],[-15.5501009397772,27.9842402801774],[-15.5489936700698,27.9890176101581],[-15.5471817402939,27.9900860899631],[-15.5458946898504,27.9921638798721],[-15.5404919001348,27.9953641500046],[-15.5397746699406,27.9966389202512],[-15.5357833096062,27.9988521896744],[-15.5320498699629,27.9983633698508],[-15.5287979803125,28.0000124998804],[-15.5264996101153,28.002678920227],[-15.5241029300901,28.0015590800688],[-15.5216047503193,28.002102730135],[-15.5193125704128,28.0014118603043],[-15.5171527599583,28.0037405903478],[-15.5145402003973,28.0046579002564],[-15.513103660409,28.0077951898506],[-15.5147382402899,28.008459419662],[-15.5183407199378,28.0143523201996],[-15.5239627201423,28.0190041402981],[-15.5266088003381,28.0225925203959],[-15.5301249402091,28.0287060999478],[-15.5308478001452,28.0319447597092],[-15.5321208395653,28.0338175300343],[-15.5345548904046,28.0334129302719],[-15.5379495502015,28.0378628596264],[-15.5391451997598,28.038342439891],[-15.5404484701841,28.0364149702453],[-15.5442804496242,28.0330346896843],[-15.546607140109,28.0316424301181],[-15.5504878801027,28.0310533599018],[-15.5514428000294,28.0296613403392],[-15.5577540398222,28.0273209297824],[-15.5604094400391,28.0248260200349],[-15.5676355501683,28.025188570234],[-15.5691747199829,28.0261434398065],[-15.5710286495915,28.0256134297537],[-15.5733876803248,28.0229675297442],[-15.5763335202462,28.0206132600609],[-15.580006310133,28.0187122803886],[-15.5807960397606,28.0176294600718],[-15.5856569701883,28.0154688496117],[-15.5868289302743,28.0144417701535],[-15.5894311897523,28.01466503982],[-15.5917981202702,28.0133567299249],[-15.5974353100878,28.0128917600941],[-15.6000328498173,28.0115510503664]]]},"properties":{"OBJECTID":8150,"INSPIREID":"ES.IGN.SIGLIM34053535033","NATCODE":"34053535033","NAMEUNIT":"VegadeSanMateo","CODNUT1":"ES7","CODNUT2":"ES70","CODNUT3":"ES705","CODIGOINE":"35033"},"id":8150},{"type":"Feature","geometry":{"type":"Polygon","coordinates":[[[-13.8073325097609,29.0371886297621],[-13.8084803797259,29.0352321896582],[-13.8115637903448,29.0337558799951],[-13.8143628500403,29.0337824203733],[-13.8169181698497,29.0302383103505],[-13.8164270797485,29.0288197803565],[-13.8175270901701,29.025644580025],[-13.8195114497681,29.0232514799762],[-13.8224512601973,29.0172739000772],[-13.8264650900919,29.0125267002355],[-13.8276061104028,29.0100403596443],[-13.8298574600831,29.0071395103848],[-13.8293841700992,29.0050442996309],[-13.830840359836,29.0009930402589],[-13.8313825398224,28.9976955198261],[-13.8303334099784,28.9967829899811],[-13.8337294801303,28.9899011697785],[-13.8324698103366,28.9864454003739],[-13.8320787503372,28.9816930596593],[-13.8289569403332,28.9770920401299],[-13.8293064999631,28.9755806899578],[-13.8321445797796,28.9743698398431],[-13.8342040996208,28.9692714398254],[-13.833664360357,28.9655114500427],[-13.8341134200827,28.9641760299212],[-13.8306547903562,28.9607282403636],[-13.8307347098737,28.9594609103726],[-13.8335134999831,28.9572730001646],[-13.8342419097111,28.9510583600469],[-13.8324893702536,28.9494087400597],[-13.8325602904486,28.9439988400434],[-13.8335459597076,28.9429307003296],[-13.8339029304386,28.9400981201313],[-13.8330939903387,28.9371173599497],[-13.8298628400933,28.9337735100592],[-13.8291729501247,28.930347010163],[-13.8312341902397,28.9272178897928],[-13.832486810055,28.9265726302847],[-13.8353353696176,28.9227399903014],[-13.8394627896833,28.9197432000815],[-13.8399535599842,28.9180443998022],[-13.8425717196428,28.9162537901107],[-13.8462002504339,28.9161224800958],[-13.848868250421,28.9122202896633],[-13.8509503601966,28.9109267199994],[-13.8515167596614,28.9078341403756],[-13.8539542196072,28.9073260298229],[-13.8541550299042,28.9053864298117],[-13.8569579703216,28.9043723598155],[-13.8563754101649,28.9015651101269],[-13.8574916603303,28.8980656001154],[-13.8605702802337,28.8956404496594],[-13.861919890252,28.8958305596573],[-13.8667381803481,28.8948675797704],[-13.8694398797348,28.8938839699845],[-13.8732126997235,28.893897529849],[-13.8740141802133,28.8925179600747],[-13.8772628799461,28.8905333597406],[-13.881877210252,28.8855031802739],[-13.8808148302576,28.8829212801421],[-13.8777211402169,28.8791013501517],[-13.8757700200811,28.8780345596995],[-13.8745819002015,28.8743910997537],[-13.8753471103133,28.8719832401042],[-13.8749833599969,28.8682482796572],[-13.8772783300707,28.8640165396463],[-13.8768627900815,28.8595636399158],[-13.8744831996063,28.8565257697856],[-13.871695560193,28.8549293696813],[-13.8689569499296,28.8559145402853],[-13.8678022401921,28.8575573703461],[-13.863557749882,28.8604061199765],[-13.8607337403778,28.8613046599794],[-13.8580859201452,28.8605250400447],[-13.8539024496974,28.8618893496552],[-13.850491180051,28.8609884796658],[-13.8466319403353,28.8607407196569],[-13.8440615701516,28.8582530299497],[-13.8419352902134,28.8576093400651],[-13.8400214896877,28.8555586198683],[-13.8371294399873,28.8565788202581],[-13.8336021196842,28.8606863802663],[-13.8300225803137,28.8623818803347],[-13.8274401897732,28.8618206396273],[-13.8239859501135,28.8620279103342],[-13.8194458898203,28.8611543098649],[-13.8168326403532,28.8591621200297],[-13.8134686598199,28.8580179601726],[-13.813100540098,28.8561293703033],[-13.8114020900004,28.856017840117],[-13.8071675799731,28.8573288000461],[-13.8055588500128,28.8569012097925],[-13.8021883701685,28.8586664003215],[-13.7988480800059,28.8572612600734],[-13.7980725096239,28.8544556598592],[-13.7961352001872,28.8550611103563],[-13.7942613702001,28.853983020276],[-13.7905809904474,28.8485025199619],[-13.7884332102312,28.841977949962],[-13.7896022103683,28.8394569102912],[-13.7872026395645,28.8384019801093],[-13.7851309502462,28.8399194098163],[-13.7844957703734,28.8420968596286],[-13.7809675903826,28.8438609999581],[-13.779424810239,28.8434309897821],[-13.7787438297614,28.8460944501153],[-13.7744237102875,28.8479775900476],[-13.774671559966,28.8513191199057],[-13.7711619598302,28.8538169001141],[-13.7717473002727,28.8566082699147],[-13.7694846300233,28.857405309891],[-13.7647879197143,28.8616916697375],[-13.7640294999677,28.8635781697404],[-13.7623193600933,28.8639297900474],[-13.7607367702095,28.8656281999394],[-13.7604667501099,28.8673883097393],[-13.7583698702343,28.8680106899149],[-13.7576590297567,28.8696764703785],[-13.754093419663,28.8731732296649],[-13.7490689599209,28.875177169891],[-13.749775730132,28.8769490100463],[-13.7492282096612,28.8790873698829],[-13.7499897402737,28.8808272298892],[-13.748075840035,28.8860854598836],[-13.7451119502647,28.888845699801],[-13.7456466400982,28.8904309397218],[-13.7433807996941,28.8955007997061],[-13.7437210500827,28.8973080599425],[-13.7426308303994,28.8999503197374],[-13.7413526598024,28.9008255301902],[-13.7377806698735,28.9057305502581],[-13.7343114499081,28.9071266300337],[-13.7300145698506,28.90581727989],[-13.7273275201896,28.9064805196791],[-13.7242107102085,28.9086521996328],[-13.7225521102752,28.9105867601327],[-13.7128293502061,28.9138577503254],[-13.7105210500318,28.9156370201185],[-13.7044088203122,28.9167452098377],[-13.7004612699159,28.9178994103047],[-13.7014165500671,28.9205394497394],[-13.7006999495919,28.9252788402083],[-13.7019672595571,28.9320878600628],[-13.7014234203824,28.9337423298733],[-13.7021870198149,28.9366025202049],[-13.7048449200433,28.9405991497657],[-13.7064233300661,28.9626264903496],[-13.7003187198567,28.9754094197109],[-13.6980660604328,28.9822818597135],[-13.6957022497638,28.985715549949],[-13.7448906700573,28.9980442003252],[-13.8073325097609,29.0371886297621]]]},"properties":{"OBJECTID":8151,"INSPIREID":"ES.IGN.SIGLIM34053535034","NATCODE":"34053535034","NAMEUNIT":"Yaiza","CODNUT1":"ES7","CODNUT2":"ES70","CODNUT3":"ES708","CODIGOINE":"35034"},"id":8151},{"type":"Feature","geometry":{"type":"Polygon","coordinates":[[[-16.8023832104433,28.1567321202313],[-16.8022406603841,28.1553342798967],[-16.7987444604175,28.1527423503569],[-16.7990016597614,28.1497337699211],[-16.7975550298959,28.1466997400852],[-16.7946931797587,28.1447581601306],[-16.7951904601505,28.1427689303455],[-16.7927659197751,28.139445320263],[-16.791783820421,28.1396503899645],[-16.788467359868,28.1369845197675],[-16.7864868199066,28.1336477701724],[-16.7865107896533,28.1303065302343],[-16.7812156396684,28.1260923397054],[-16.7801536702041,28.1213970497499],[-16.7773203101361,28.1188392096807],[-16.7746360802868,28.1183442403218],[-16.7736618798191,28.1137018997825],[-16.770920250318,28.1125542002933],[-16.7679417198052,28.1132180500455],[-16.7691026997834,28.1104036000285],[-16.7636915701088,28.1105067102259],[-16.760759140238,28.107948879793],[-16.7617854304158,28.1049178103144],[-16.7586864798409,28.1054909599821],[-16.7590512704063,28.1026470903286],[-16.7554908903042,28.1003182897974],[-16.7549359398678,28.0988624703004],[-16.752927379656,28.0987013496239],[-16.7503887101204,28.094471360156],[-16.7430873499164,28.090410210035],[-16.7427158300711,28.0893978299781],[-16.7389164298315,28.0880372702688],[-16.7362851197355,28.0833749703762],[-16.7367810104336,28.082130480108],[-16.7355958702658,28.0800634400354],[-16.735832119999,28.0764676499214],[-16.7327838299145,28.0727400996404],[-16.732710409708,28.0694965800201],[-16.7334513203914,28.0670378597824],[-16.7296957597342,28.0673830501549],[-16.727059320258,28.0654036499764],[-16.7258901099151,28.0673678103037],[-16.7221263395545,28.0661515798214],[-16.7185480102147,28.0701856003199],[-16.7125535496289,28.0739518897904],[-16.7096910203653,28.0750345299838],[-16.7063735698688,28.0794620996396],[-16.7061067396867,28.081893210375],[-16.7042241996346,28.0838299696478],[-16.6990086897911,28.0847963096592],[-16.6961626598844,28.0895427198496],[-16.691348859568,28.0953783496255],[-16.6910061397107,28.1000666800804],[-16.691409280254,28.1017584599497],[-16.6904021996503,28.1050389201899],[-16.6916551401642,28.1076949298738],[-16.6899751396659,28.1089611403162],[-16.6882419903438,28.114632299798],[-16.6852737895584,28.1168529499996],[-16.684640850084,28.1206423101129],[-16.6869075897016,28.1223743301206],[-16.6875239498692,28.1240273902537],[-16.6873905401681,28.1298051700038],[-16.6889573996529,28.1303905497868],[-16.6891392698704,28.1328973098305],[-16.687429930395,28.135499600332],[-16.6874361898559,28.139145699734],[-16.6842059801465,28.1454850597885],[-16.6829253499623,28.1462860003196],[-16.6811372003887,28.1511003601655],[-16.6793729298319,28.1535407702196],[-16.6789383302874,28.1570117797231],[-16.6762775599417,28.1626400197704],[-16.6744188297361,28.1649190703762],[-16.6744451395942,28.1679151202417],[-16.6729544096347,28.1702889299594],[-16.6701601298749,28.1720197996099],[-16.6682092199448,28.1749406902985],[-16.6604186399321,28.201298830064],[-16.663584099974,28.2057097797691],[-16.6665794999496,28.2070270801805],[-16.6701152796876,28.2070561403531],[-16.6743118098431,28.208295410152],[-16.6768376999455,28.2095460300367],[-16.6785622595768,28.2123235703866],[-16.6806989303278,28.2127846699165],[-16.6825738499714,28.2095486597904],[-16.6923059201802,28.2039322599313],[-16.6958444703226,28.2022097499454],[-16.6986835697269,28.2000716600142],[-16.7011262803255,28.1960702499276],[-16.7032006295555,28.1951870498085],[-16.7054763702923,28.1922345601208],[-16.7100787404284,28.188332409674],[-16.7110189100183,28.1859651098651],[-16.7144112898909,28.18471327967],[-16.7178086500235,28.182504640342],[-16.7203866999046,28.1787539198285],[-16.7263276900698,28.1783000297331],[-16.7294922796443,28.1762113799103],[-16.732975470209,28.175571659934],[-16.7377173801498,28.1722173797477],[-16.7420544499348,28.170231780292],[-16.7460478602247,28.1690437402291],[-16.7469134804257,28.1677872399627],[-16.7523575998309,28.1668873403438],[-16.7553543598558,28.1676702097337],[-16.7602265596488,28.1666780598175],[-16.7648398002982,28.1648677996424],[-16.7680993202386,28.1649069599048],[-16.7700335700135,28.1636274902254],[-16.7734771197213,28.1630955602307],[-16.7788041598988,28.1637664802923],[-16.7801156696709,28.163018409678],[-16.7879956599022,28.1604347499465],[-16.792938990096,28.1606949796403],[-16.7962099500816,28.1584410000099],[-16.8023832104433,28.1567321202313]]]},"properties":{"OBJECTID":8152,"INSPIREID":"ES.IGN.SIGLIM34053838001","NATCODE":"34053838001","NAMEUNIT":"Adeje","CODNUT1":"ES7","CODNUT2":"ES70","CODNUT3":"ES709","CODIGOINE":"38001"},"id":8152},{"type":"Feature","geometry":{"type":"Polygon","coordinates":[[[-17.1843311397503,28.1814426100405],[-17.1855878603749,28.1876614299003],[-17.1935289099944,28.1943659401757],[-17.1933097102853,28.1967480101898],[-17.1966558700399,28.1977626901796],[-17.1986570101674,28.1992933797501],[-17.2014935996788,28.1994922902059],[-17.2047755999592,28.1986643298349],[-17.2072119603672,28.1971813103703],[-17.2089900200635,28.1982092401238],[-17.2098195199053,28.2011500703588],[-17.2120269599344,28.2021024403368],[-17.215446469827,28.1996469099407],[-17.2175120497031,28.2016698401602],[-17.2235053802083,28.2016817303412],[-17.2259187302703,28.2000327398417],[-17.2284302904473,28.2021862903267],[-17.2339823604001,28.200522990001],[-17.2356187099621,28.2038742297109],[-17.2371969097791,28.2003770096155],[-17.2357339000327,28.1956175797527],[-17.2300924899299,28.1907747298774],[-17.2293177100653,28.1892190797448],[-17.2293057400142,28.1853066699716],[-17.2323406802352,28.1825149300157],[-17.2331992100337,28.1796747500812],[-17.2354340603571,28.1780365796369],[-17.2375975700739,28.1776700501724],[-17.2386216701591,28.1739383196813],[-17.2421983097679,28.1720497902747],[-17.2405497296433,28.1680965202301],[-17.2426859898643,28.1654591499159],[-17.2445712203707,28.1643111296719],[-17.2450979996398,28.162427410222],[-17.2435646904341,28.1610178200448],[-17.2455267502535,28.1571668996541],[-17.2516031102438,28.1548815901583],[-17.2534464496136,28.1513113399977],[-17.2517138797049,28.1504961602644],[-17.2512193598359,28.1469102303685],[-17.2529521004246,28.1449173200783],[-17.2520268096308,28.1435609696974],[-17.252803149869,28.1397493101592],[-17.2543744102004,28.1364208502685],[-17.2534390304277,28.1336073801045],[-17.2566364902567,28.1315262498855],[-17.2567657003339,28.1283677000408],[-17.2551203002454,28.1255740502113],[-17.2531658096306,28.1266339903884],[-17.2511325502401,28.1233936901495],[-17.2482883600831,28.1212323501635],[-17.2459525903257,28.1170413303047],[-17.2435031899732,28.1151549302037],[-17.2426386100212,28.1178680302501],[-17.2400884303718,28.1221923297813],[-17.2398993601574,28.1248952702699],[-17.2413910001102,28.1258959499458],[-17.2379394904306,28.1296691898194],[-17.2385523103377,28.1356417900266],[-17.2371279003007,28.1393981097056],[-17.2349709599636,28.1418083302485],[-17.2347983603598,28.1433009399502],[-17.2315046199969,28.1454409101612],[-17.2270723296901,28.1496350403295],[-17.2258750002822,28.1517479900693],[-17.2214265995892,28.1576494801813],[-17.2184606203375,28.1604597100265],[-17.2151766302887,28.1659297600948],[-17.2128294896564,28.1668168598178],[-17.2117315300886,28.1684362996954],[-17.2077025303438,28.1716740598213],[-17.2048745799305,28.1725624700131],[-17.2036343703408,28.1738583903137],[-17.1990592497005,28.174319110205],[-17.1973237701486,28.1750544397631],[-17.1968644597472,28.1768457898079],[-17.1946416198991,28.1786022796825],[-17.1934268398185,28.1807540503526],[-17.1912359898761,28.1819893097285],[-17.1843311397503,28.1814426100405]]]},"properties":{"OBJECTID":8154,"INSPIREID":"ES.IGN.SIGLIM34053838002","NATCODE":"34053838002","NAMEUNIT":"Agulo","CODNUT1":"ES7","CODNUT2":"ES70","CODNUT3":"ES706","CODIGOINE":"38002"},"id":8154},{"type":"Feature","geometry":{"type":"Polygon","coordinates":[[[-17.2382783295659,28.1063548696462],[-17.2411645599799,28.1084137999097],[-17.243791930065,28.1085936802892],[-17.2448535402032,28.1110424297003],[-17.2483164800464,28.1099524596589],[-17.2492691703547,28.1069356002294],[-17.2471277699737,28.1050721696965],[-17.2477556797809,28.1020967303118],[-17.2489905300216,28.0999243599973],[-17.2492190003444,28.0975600503055],[-17.2529336104011,28.0962158901192],[-17.2534943998868,28.0921325498264],[-17.2557170600718,28.0897173799413],[-17.2582681200702,28.0853522102483],[-17.2646160901782,28.080698749813],[-17.2639588198343,28.0795834696726],[-17.2650223802149,28.0772260997576],[-17.2693308997436,28.0753817499012],[-17.274500520049,28.0709097897297],[-17.276972099806,28.0701613302246],[-17.2797864200815,28.0659430300345],[-17.2840234202388,28.0617136200867],[-17.2907885904227,28.0580473796083],[-17.2910166699784,28.0556613800851],[-17.2936631696875,28.0529227603359],[-17.2957313403049,28.047529529981],[-17.2935053303022,28.0463475200647],[-17.2918729503954,28.0470172401217],[-17.2904388798759,28.0454323301959],[-17.2909179702815,28.0430367997789],[-17.2891801200756,28.0395422299713],[-17.2796693498371,28.0382405202942],[-17.2788422502937,28.0369720503908],[-17.2756228598937,28.0357784297614],[-17.2730502196672,28.0357894503032],[-17.2736182298113,28.0335431798653],[-17.2730779803045,28.028983650115],[-17.2710400900987,28.0256886800451],[-17.2659964198842,28.0247144497171],[-17.2628864802184,28.0256662499193],[-17.2595680999656,28.025258890077],[-17.2563061500823,28.0263366696597],[-17.2500355401916,28.0249876797065],[-17.2489181401827,28.0217656897174],[-17.2466259602762,28.0218023003753],[-17.2434498201638,28.0198618501475],[-17.2422171402528,28.0206318197482],[-17.2346267695641,28.0226585502271],[-17.2342128303728,28.0250664100348],[-17.227986420289,28.0265887398995],[-17.2258493902118,28.0255730696107],[-17.2171652101719,28.0258163903647],[-17.216182059789,28.0270648702594],[-17.2108803000001,28.0272288198228],[-17.2084229396758,28.0242635402128],[-17.2019391595682,28.0238018600153],[-17.1979165702012,28.0244582301545],[-17.1979556999167,28.0276347900774],[-17.1955821595949,28.0289324396846],[-17.1921062804183,28.0295736300697],[-17.1970814999064,28.0335148703002],[-17.1986789101957,28.036748689818],[-17.2026851798689,28.0413461397367],[-17.2033919599614,28.0453314297621],[-17.2094887799807,28.0499167302974],[-17.2104518098978,28.0518440301479],[-17.210527420197,28.0545436203031],[-17.2172908000385,28.0641033900724],[-17.2184226503471,28.0677956302958],[-17.2200702899355,28.0684674100354],[-17.222645679905,28.0719999803072],[-17.2239753697818,28.0755536002444],[-17.2252948296442,28.0764363603771],[-17.2261742300017,28.0801019401626],[-17.2273201901484,28.0812509901438],[-17.2284394496699,28.0843567896885],[-17.2306392198832,28.0860282898356],[-17.2318444104481,28.0889025496287],[-17.231858499625,28.0909597098988],[-17.2331294603435,28.0916500697089],[-17.233542029604,28.0942755401271],[-17.23520572029,28.0965801197079],[-17.2358614697862,28.1018491399288],[-17.2386838497464,28.1049577096076],[-17.2382783295659,28.1063548696462]]]},"properties":{"OBJECTID":8156,"INSPIREID":"ES.IGN.SIGLIM34053838003","NATCODE":"34053838003","NAMEUNIT":"Alajer├│","CODNUT1":"ES7","CODNUT2":"ES70","CODNUT3":"ES706","CODIGOINE":"38003"},"id":8156},{"type":"Feature","geometry":{"type":"Polygon","coordinates":[[[-16.4841390301336,28.3350362702106],[-16.4670507000807,28.3349152699291],[-16.4639689100226,28.3355801799238],[-16.4526625898891,28.3360711699507],[-16.4362194801789,28.3322931002372],[-16.4081942900009,28.3343544597519],[-16.4044820101741,28.3335714199889],[-16.4013901095775,28.3319425203405],[-16.3984221998463,28.331205809736],[-16.3953290496931,28.3294693800653],[-16.3890737003824,28.3292895598697],[-16.382251119767,28.3278425802131],[-16.375780630234,28.3275830901244],[-16.3625029302601,28.3302869397303],[-16.3625983502079,28.3329734397767],[-16.366328629578,28.3396654996637],[-16.3702673100092,28.3388711001386],[-16.3728519202868,28.3403397498791],[-16.3764870096779,28.3400395497816],[-16.3800826100273,28.3406313801284],[-16.3846564999757,28.3394080498669],[-16.3871151197381,28.3416855002889],[-16.3897539604111,28.341891479796],[-16.3941344601468,28.3439858298394],[-16.3946639002258,28.3463234702514],[-16.3984710601129,28.3458313701626],[-16.4012626700797,28.3492703402127],[-16.4065441899269,28.3508694298679],[-16.4072643198828,28.3530209202606],[-16.4099958298622,28.3533446902648],[-16.4114550002091,28.3572105898966],[-16.4149578998111,28.3589875001646],[-16.4172123998831,28.3627909101039],[-16.4206193396498,28.3650028000346],[-16.4226461895608,28.3654870797865],[-16.4262162696713,28.369962519889],[-16.4293126402848,28.3725745496519],[-16.4308987497679,28.3729008699229],[-16.4362022298305,28.3772224297977],[-16.4413420799675,28.3807323098164],[-16.4465882996172,28.3830323401366],[-16.4475122195819,28.3864341499986],[-16.4462806302257,28.3874310199519],[-16.4454625398863,28.3906211797931],[-16.4471320103328,28.389547470149],[-16.4489017399516,28.3898445398197],[-16.4496074896764,28.3877070200105],[-16.4536979997637,28.3853077600691],[-16.4553934000809,28.3832318496227],[-16.4579570203236,28.381886709678],[-16.4587848699602,28.379738810179],[-16.4609435395542,28.3771524400028],[-16.4608668395986,28.3745358801977],[-16.4629460100867,28.3736019897199],[-16.4634861095748,28.3720618601379],[-16.464856789578,28.369330459675],[-16.4644182095984,28.3663748302783],[-16.4665417101491,28.3620017102637],[-16.4671168295603,28.3578979603721],[-16.4667704104407,28.3557084896911],[-16.4705601304348,28.3530683098789],[-16.4746683400282,28.3528163402731],[-16.4770494899787,28.3516262598987],[-16.482021550092,28.3474657096072],[-16.4825462102353,28.3448426202843],[-16.4819977797712,28.3409811699685],[-16.4841390301336,28.3350362702106]]]},"properties":{"OBJECTID":8157,"INSPIREID":"ES.IGN.SIGLIM34053838004","NATCODE":"34053838004","NAMEUNIT":"Arafo","CODNUT1":"ES7","CODNUT2":"ES70","CODNUT3":"ES709","CODIGOINE":"38004"},"id":8157},{"type":"Feature","geometry":{"type":"Polygon","coordinates":[[[-16.5998836603702,28.2181839301823],[-16.5953471699821,28.2133813097769],[-16.5949627000236,28.2115076199149],[-16.5916889597523,28.2064915701354],[-16.5898167700889,28.2059718301244],[-16.5895471596209,28.2042782002027],[-16.5857058898042,28.2028787296815],[-16.5841719400997,28.2011094896342],[-16.5805130498452,28.2003214902756],[-16.5777602902178,28.2008767496696],[-16.5757065699001,28.197696399913],[-16.5735624997261,28.1959882097563],[-16.5733877603353,28.193797040207],[-16.5704705101962,28.192151840062],[-16.5702639596646,28.1898707703053],[-16.5686514100678,28.1868747803565],[-16.5658867801022,28.1851997400822],[-16.5669561400063,28.1837885503885],[-16.5608400196832,28.1757806696659],[-16.5604717400611,28.1742685899254],[-16.5580500096159,28.1716246398233],[-16.5557184996696,28.1716872599703],[-16.5560341595756,28.1695717103889],[-16.552582550183,28.1682390301362],[-16.5521510004188,28.1658612001873],[-16.5464727198635,28.1633622300067],[-16.5462170997578,28.161875899918],[-16.5401451495973,28.1595977198451],[-16.5384255298017,28.1575673503431],[-16.5355417499918,28.15602025965],[-16.5341430901624,28.153635140036],[-16.531952499833,28.1514123000352],[-16.5303577503535,28.1481177500078],[-16.5256917399694,28.1436570196514],[-16.5259063403043,28.1394035699052],[-16.5252229298839,28.1371638103804],[-16.5235672701365,28.1360089101997],[-16.5224041898972,28.1336842096278],[-16.520106600336,28.1310471601067],[-16.5159982802499,28.1292334099029],[-16.5123047698227,28.130122649992],[-16.5116605600846,28.1291992196093],[-16.5083372202332,28.1281708296117],[-16.5043989602135,28.1261201796417],[-16.5043591199307,28.1232685097899],[-16.5031167202483,28.1225149598367],[-16.4997831000767,28.1178039802255],[-16.497577729766,28.1166096396398],[-16.4971607300145,28.1137079198816],[-16.4932549997879,28.1117468297516],[-16.4907913800027,28.108795160187],[-16.4902075101023,28.1070595500794],[-16.4874266601559,28.1054470696299],[-16.4874879504111,28.1025130400842],[-16.4849967900759,28.100490310222],[-16.4817692097354,28.0953590301884],[-16.4797234898136,28.0993842297917],[-16.4752748304057,28.1018527897895],[-16.4725469702814,28.1050518599314],[-16.4725100396417,28.1079377002534],[-16.4686718600295,28.1097514700263],[-16.4664584300341,28.1118844197269],[-16.4640117003728,28.1115369098163],[-16.4636848699163,28.1133301599863],[-16.4619306703722,28.1142848201839],[-16.4638754304358,28.118367059929],[-16.4632063697037,28.1203733496544],[-16.4597794702697,28.1217050403003],[-16.4562863299649,28.1251475197103],[-16.4534868804006,28.1256149701457],[-16.4488161197252,28.1294831196068],[-16.4494808397978,28.1327288800816],[-16.4486989398863,28.1347742101266],[-16.4466014302917,28.1352954796234],[-16.4425786801263,28.1347620502996],[-16.4424420203205,28.1393051302187],[-16.4399049704473,28.1422958000192],[-16.4364251198188,28.1424812396385],[-16.4344044197743,28.1409888300119],[-16.4315104997815,28.1425841201623],[-16.4252775104365,28.1500888603398],[-16.4262543995619,28.1520354301512],[-16.4277444602765,28.1517482403557],[-16.4295921196444,28.1537741502066],[-16.4321778600026,28.1527173298666],[-16.4343544096641,28.155573699858],[-16.4336810495951,28.1592243398544],[-16.4326737498024,28.1605156001198],[-16.4310004004305,28.1648689503436],[-16.4277883402832,28.1640324197981],[-16.4262992802918,28.1644847698953],[-16.4249683597231,28.1681106402449],[-16.4254671304199,28.1691650500576],[-16.4298915901124,28.1730079896485],[-16.4286527702165,28.1747484096694],[-16.4281005398787,28.1794880398487],[-16.4261717599457,28.1806697298297],[-16.4279381604079,28.1858951296533],[-16.4271932899508,28.189097929637],[-16.4232841703806,28.1934442602329],[-16.4263634604273,28.1966603200825],[-16.4278707795751,28.199686269642],[-16.4297072603077,28.1991165097125],[-16.4317154099893,28.1999619803177],[-16.4330229303433,28.2017444001788],[-16.4349359897589,28.2023299700192],[-16.4375737299956,28.2045316202828],[-16.4407009496543,28.2052388197855],[-16.4411232198215,28.20785182031],[-16.4444724697808,28.2121759002318],[-16.4441365600516,28.2144719700537],[-16.4476893799323,28.2157340998941],[-16.4512600196933,28.2160482402254],[-16.4534001803993,28.2183270501009],[-16.4569944898697,28.2181263201044],[-16.4632530201148,28.2242420396226],[-16.4646645402258,28.2268633100633],[-16.4681521702646,28.2292718400672],[-16.4694479496378,28.2316136001221],[-16.4717173303024,28.2328617902052],[-16.4742545203128,28.2372750402698],[-16.4820225400354,28.2418391796111],[-16.4822920103661,28.2443724396757],[-16.4853175101919,28.2464605902876],[-16.4862150897558,28.2479761502353],[-16.4928974397621,28.2513429198952],[-16.493731629708,28.252687630354],[-16.4981522401194,28.255373950017],[-16.4994280697067,28.256948440226],[-16.5035771301876,28.2587855502891],[-16.5044640000367,28.2602379197941],[-16.5104470295606,28.2652442000335],[-16.513224209889,28.268435549803],[-16.5144787700654,28.2706418998733],[-16.5179158797509,28.2721831900721],[-16.5284027998013,28.2804950499906],[-16.5376546297608,28.2871114497409],[-16.5422614196082,28.2852814697806],[-16.5443495301299,28.2837957501289],[-16.5464526101776,28.2811635998553],[-16.5465234998299,28.2790147601359],[-16.5449415998522,28.2767853499035],[-16.5452951497986,28.2723227999919],[-16.544497709931,28.2700483999317],[-16.5461585700255,28.2643435998405],[-16.5492584997641,28.2629997801605],[-16.5489463603558,28.2604491296682],[-16.5499629604066,28.2567371798957],[-16.5510806595545,28.2558580502595],[-16.5513251100079,28.2530303297451],[-16.5527854203169,28.2504053902987],[-16.5560544004156,28.2481028203571],[-16.559114739603,28.2475805496573],[-16.5597106999288,28.2451098099623],[-16.5649351102801,28.2427305399369],[-16.5651070702834,28.2419433597476],[-16.5695423403019,28.2392841497796],[-16.5735475203187,28.2379564802527],[-16.5763365197813,28.2363358698594],[-16.578612479707,28.2358673503701],[-16.5797845898117,28.233110089881],[-16.5818485500253,28.2307125496623],[-16.5844880096375,28.2293371902565],[-16.5868523503125,28.2272790500609],[-16.5876936899497,28.2249136698281],[-16.5910063200864,28.2229085196268],[-16.5934699102272,28.2200729403023],[-16.5971714695594,28.2195694502781],[-16.5998836603702,28.2181839301823]]]},"properties":{"OBJECTID":8158,"INSPIREID":"ES.IGN.SIGLIM34053838005","NATCODE":"34053838005","NAMEUNIT":"Arico","CODNUT1":"ES7","CODNUT2":"ES70","CODNUT3":"ES709","CODIGOINE":"38005"},"id":8158},{"type":"Feature","geometry":{"type":"Polygon","coordinates":[[[-16.7334513203914,28.0670378597824],[-16.7329286796608,28.0637603001128],[-16.7366065701819,28.0597735503848],[-16.7367532399149,28.0545318398371],[-16.7341849798738,28.0532295299019],[-16.730906930384,28.0526382502972],[-16.7294264897278,28.0511596703949],[-16.7259059301456,28.0525766696992],[-16.7238863799446,28.0519251699114],[-16.720649200207,28.0482736700931],[-16.7186240301456,28.0499487997483],[-16.7144646695817,28.0493889097309],[-16.7111064104185,28.0467386503089],[-16.7118958597717,28.044623290244],[-16.7113710702709,28.0430233800275],[-16.7093820798576,28.0419083003447],[-16.7087889600048,28.0382343897175],[-16.709964969696,28.0360582698195],[-16.7083331395582,28.0312727596927],[-16.7065926195593,28.0308052402294],[-16.7045727001508,28.0269351298397],[-16.7070607397386,28.0193493896929],[-16.7060102103195,28.0161251698361],[-16.7073729896398,28.0140658801549],[-16.70735125041,28.0110761599864],[-16.7055010703693,28.0078221396548],[-16.7017819103458,28.0046255397124],[-16.6973837299686,28.0024660801886],[-16.6937200903212,28.0001918296297],[-16.6899960102249,27.9995725199203],[-16.6854124597939,27.9982145601564],[-16.6824683796722,27.9987749900441],[-16.6781521903277,27.9983900301251],[-16.6745765999512,28.0009209597397],[-16.6712438403656,28.0048333002478],[-16.6667177497735,28.0035101201244],[-16.6661547504321,28.0076946800285],[-16.6639245596701,28.0088101300495],[-16.6592719395736,28.0084593498689],[-16.6561161301327,28.0060425696492],[-16.6533314102441,28.0063423403558],[-16.6513868298435,28.0079893496355],[-16.649128060079,28.0075065497283],[-16.6460087303235,28.0037939700937],[-16.6438880900087,28.0037615902549],[-16.6382815695732,28.0065469203533],[-16.6386998799667,28.0084525696308],[-16.6391335299921,28.0094027600485],[-16.6380912596836,28.0518989597165],[-16.6377382298618,28.0608202996943],[-16.6399566904229,28.0675448099525],[-16.6415315503037,28.0707390202578],[-16.6414048896452,28.0724463397363],[-16.6395092898855,28.078949250233],[-16.6429688098425,28.0896119602192],[-16.6415210903205,28.0994037798945],[-16.6418131398059,28.1045438403874],[-16.6539639499683,28.1096884000531],[-16.6598266995672,28.1129659001032],[-16.6733248398236,28.1123956000003],[-16.6812396298906,28.1186164003859],[-16.684640850084,28.1206423101129],[-16.6852737895584,28.1168529499996],[-16.6882419903438,28.114632299798],[-16.6899751396659,28.1089611403162],[-16.6916551401642,28.1076949298738],[-16.6904021996503,28.1050389201899],[-16.691409280254,28.1017584599497],[-16.6910061397107,28.1000666800804],[-16.691348859568,28.0953783496255],[-16.6961626598844,28.0895427198496],[-16.6990086897911,28.0847963096592],[-16.7042241996346,28.0838299696478],[-16.7061067396867,28.081893210375],[-16.7063735698688,28.0794620996396],[-16.7096910203653,28.0750345299838],[-16.7125535496289,28.0739518897904],[-16.7185480102147,28.0701856003199],[-16.7221263395545,28.0661515798214],[-16.7258901099151,28.0673678103037],[-16.727059320258,28.0654036499764],[-16.7296957597342,28.0673830501549],[-16.7334513203914,28.0670378597824]]]},"properties":{"OBJECTID":8159,"INSPIREID":"ES.IGN.SIGLIM34053838006","NATCODE":"34053838006","NAMEUNIT":"Arona","CODNUT1":"ES7","CODNUT2":"ES70","CODNUT3":"ES709","CODIGOINE":"38006"},"id":8159},{"type":"Feature","geometry":{"type":"Polygon","coordinates":[[[-17.8635488100899,28.7606711501873],[-17.8598714702361,28.759089360018],[-17.8586742800671,28.7576082996206],[-17.8555769096287,28.7562666701419],[-17.8533398198053,28.7541851396657],[-17.8509940904264,28.7582668899988],[-17.8475635896463,28.761992639796],[-17.8432338797585,28.7654125199014],[-17.8397845404086,28.7711049698649],[-17.8355878997604,28.7745849703049],[-17.8294257803048,28.7818406297331],[-17.8257786696587,28.7836670800254],[-17.8245989103994,28.7885178202131],[-17.8205922203147,28.791452189778],[-17.8185063097671,28.7915679703036],[-17.8130256603709,28.7933963199015],[-17.8145224099411,28.7949797902959],[-17.8133780595753,28.7966003299157],[-17.810246330374,28.7981991400863],[-17.8085421301603,28.800751419624],[-17.8049681298018,28.8011415396494],[-17.7978550196505,28.8039955396949],[-17.7932886899235,28.8028994799015],[-17.7919136701592,28.8043351996333],[-17.7900246999662,28.8041668197663],[-17.7885378103046,28.8067865400982],[-17.7798959696607,28.8099599097439],[-17.7781476100642,28.8127743500915],[-17.7758121295643,28.8127683397715],[-17.7756991403662,28.8150709698436],[-17.7740133897518,28.8156198497798],[-17.7697648004291,28.8191896101316],[-17.7707550097735,28.8216544198323],[-17.7699981000949,28.8241695599687],[-17.7731003304189,28.8243078600232],[-17.7746142297263,28.8268538697614],[-17.7737605903561,28.8309333701403],[-17.776327040292,28.8328758703689],[-17.7762763501571,28.8352871900836],[-17.7778857197178,28.8396037098048],[-17.7809866699427,28.8398690200054],[-17.7843495599212,28.8409677399178],[-17.7878277001573,28.84100770999],[-17.7879396796491,28.8437070097447],[-17.7898567500424,28.843600590335],[-17.7912805797677,28.8419429297546],[-17.7959146703149,28.8411135198524],[-17.7971078000988,28.8431661600017],[-17.8024850102867,28.8418159700928],[-17.8070206796147,28.8431242503281],[-17.8086352504209,28.8427803096106],[-17.8105072101156,28.8408082301013],[-17.8144664296275,28.8392363596737],[-17.8187156702289,28.8393063302904],[-17.8217029197898,28.8399879997555],[-17.8257486704198,28.8377600299909],[-17.8315678301678,28.8366032902242],[-17.8343331302766,28.8364297200359],[-17.8373915003569,28.8350899199575],[-17.840715639709,28.8347123197719],[-17.8471559395603,28.8356137801456],[-17.8480695100346,28.8350947603914],[-17.8473653799722,28.833800990392],[-17.8489409701833,28.8318102503097],[-17.8487325700205,28.8298030897048],[-17.8467329803852,28.8274729597128],[-17.847756780433,28.8240686399356],[-17.8502666796251,28.8240787302906],[-17.8497108802807,28.8217271199025],[-17.8477757196142,28.820252580317],[-17.8511387497299,28.8136145698995],[-17.8501277704377,28.8092159099794],[-17.8532657599983,28.8078595996982],[-17.8545869203715,28.805982439697],[-17.8548145103454,28.8030640101615],[-17.8580553102936,28.7991075298782],[-17.8563819195992,28.7974561600282],[-17.858203770369,28.7959201500271],[-17.8585750000585,28.791103469713],[-17.8615938999619,28.7857895403533],[-17.8598036797715,28.7839783201599],[-17.8607045498643,28.780973439985],[-17.8600292700956,28.7779929603202],[-17.8616308898904,28.7729075300989],[-17.8615785603301,28.7706174303123],[-17.8569997197662,28.7690276401516],[-17.8580557298069,28.76683133033],[-17.8622498803251,28.7629628502634],[-17.8635488100899,28.7606711501873]]]},"properties":{"OBJECTID":8160,"INSPIREID":"ES.IGN.SIGLIM34053838007","NATCODE":"34053838007","NAMEUNIT":"Barlovento","CODNUT1":"ES7","CODNUT2":"ES70","CODNUT3":"ES707","CODIGOINE":"38007"},"id":8160},{"type":"Feature","geometry":{"type":"Polygon","coordinates":[[[-17.8345180098503,28.6145861896896],[-17.8290222804354,28.6182111201156],[-17.826542359821,28.6179922999291],[-17.8213551603838,28.6193724303033],[-17.8197789602166,28.6193060398315],[-17.8140796096763,28.6210393597595],[-17.8114663099035,28.6208049897554],[-17.8101940996284,28.622554390003],[-17.8052990700508,28.6253260896636],[-17.8041007300382,28.6275520102631],[-17.7982786399857,28.6312357498175],[-17.7970202799356,28.6339048896199],[-17.7972851095696,28.6358298796277],[-17.7936907399121,28.6379428499356],[-17.7920532297268,28.6382743400583],[-17.7841071998474,28.6428853697525],[-17.7842606303013,28.6444338198768],[-17.7811987603846,28.6450470696479],[-17.7778331296462,28.6481021396089],[-17.777775899776,28.6505840796127],[-17.7761619002983,28.6510411899895],[-17.776098940075,28.6544704503142],[-17.7721383398525,28.6574744699008],[-17.7696814798898,28.6581652800159],[-17.7701159303141,28.6606822599474],[-17.7668914302967,28.6625614799305],[-17.7661626998702,28.6643933997278],[-17.767046779552,28.6654682299374],[-17.7688139498705,28.6701661302717],[-17.7692463197965,28.6736518397951],[-17.7684904602485,28.6758140796733],[-17.7733434199247,28.6760690097806],[-17.7732485704071,28.6786780102955],[-17.7706209200477,28.6826108899863],[-17.7694628802553,28.6852506898335],[-17.7717329795722,28.6867647902088],[-17.7751109801121,28.6872277201431],[-17.7798003098627,28.686599130213],[-17.7858733002724,28.6810525599088],[-17.7866677101225,28.6793763497337],[-17.7905274996072,28.6783044403042],[-17.7960551704186,28.6757546100788],[-17.8034413199073,28.6773165198279],[-17.8072955596,28.6814492601007],[-17.8119927002021,28.6834264197081],[-17.8202022400903,28.6855286296853],[-17.822650389988,28.6875523000777],[-17.8293517600237,28.6871957000926],[-17.8335768000113,28.6879551499769],[-17.8321441003209,28.6849000996935],[-17.8302393503217,28.683686110185],[-17.829692989576,28.6820106798102],[-17.8302343098746,28.6766590902882],[-17.8275816396378,28.6719697000553],[-17.8278469498705,28.6696638600665],[-17.8264632101597,28.6661296100497],[-17.826706170308,28.663752069815],[-17.8251289604345,28.6544927598871],[-17.8251917598594,28.6495931796397],[-17.8257214002627,28.6472276998113],[-17.8246149498188,28.6410535401013],[-17.8268909304058,28.632129589828],[-17.8269914698524,28.6301609598119],[-17.8286996702641,28.6286639096899],[-17.8302385103969,28.6250505000254],[-17.8321229997932,28.6232700803572],[-17.8323123098578,28.6208034497185],[-17.8339341695943,28.617206309893],[-17.8345180098503,28.6145861896896]]]},"properties":{"OBJECTID":8161,"INSPIREID":"ES.IGN.SIGLIM34053838008","NATCODE":"34053838008","NAMEUNIT":"Bre├▒aAlta","CODNUT1":"ES7","CODNUT2":"ES70","CODNUT3":"ES707","CODIGOINE":"38008"},"id":8161},{"type":"Feature","geometry":{"type":"Polygon","coordinates":[[[-17.8404793702129,28.5964197897685],[-17.8353197598346,28.5972585796612],[-17.831713500076,28.5984706396191],[-17.8299696599037,28.6009066198516],[-17.8285214103757,28.6010270801044],[-17.8264344200531,28.6051570702702],[-17.8235078202486,28.6080966600999],[-17.8185189400799,28.6096520397888],[-17.8123493897603,28.6144350803871],[-17.8031855902071,28.6169795600377],[-17.8014823799368,28.6194414300769],[-17.7934727897595,28.6223583202963],[-17.7886939896033,28.6276078099324],[-17.7832420503636,28.6287213496155],[-17.7828939702589,28.6302530501825],[-17.7774324001811,28.6325212397968],[-17.7747677401302,28.6318993296259],[-17.770751250324,28.631972589918],[-17.7679899602947,28.6335085401106],[-17.7665549501373,28.6333755002569],[-17.7618150596093,28.6308201301725],[-17.7584957603799,28.630184179729],[-17.7535932101067,28.6305646500604],[-17.7543374301836,28.6334629501191],[-17.75448991022,28.6374975403719],[-17.7568141698636,28.6376974103784],[-17.7578247799481,28.6393528896781],[-17.7578202596256,28.6444154303145],[-17.7562703495535,28.646732860304],[-17.7566312504139,28.6490357202852],[-17.7613542301567,28.653737589913],[-17.761484030427,28.6557627998363],[-17.7600194899514,28.6574380603173],[-17.7620525696788,28.662582599911],[-17.763907250279,28.6625997597934],[-17.7661626998702,28.6643933997278],[-17.7668914302967,28.6625614799305],[-17.7701159303141,28.6606822599474],[-17.7696814798898,28.6581652800159],[-17.7721383398525,28.6574744699008],[-17.776098940075,28.6544704503142],[-17.7761619002983,28.6510411899895],[-17.777775899776,28.6505840796127],[-17.7778331296462,28.6481021396089],[-17.7811987603846,28.6450470696479],[-17.7842606303013,28.6444338198768],[-17.7841071998474,28.6428853697525],[-17.7920532297268,28.6382743400583],[-17.7936907399121,28.6379428499356],[-17.7972851095696,28.6358298796277],[-17.7970202799356,28.6339048896199],[-17.7982786399857,28.6312357498175],[-17.8041007300382,28.6275520102631],[-17.8052990700508,28.6253260896636],[-17.8101940996284,28.622554390003],[-17.8114663099035,28.6208049897554],[-17.8140796096763,28.6210393597595],[-17.8197789602166,28.6193060398315],[-17.8213551603838,28.6193724303033],[-17.826542359821,28.6179922999291],[-17.8290222804354,28.6182111201156],[-17.8345180098503,28.6145861896896],[-17.8340573501793,28.6115206600584],[-17.8353305503978,28.6090674299844],[-17.8369582204375,28.6083928596666],[-17.8369929304418,28.6062632398505],[-17.8409997696469,28.6043570499135],[-17.840977249781,28.6020031096268],[-17.8393494099597,28.5996287103588],[-17.8404793702129,28.5964197897685]]]},"properties":{"OBJECTID":8162,"INSPIREID":"ES.IGN.SIGLIM34053838009","NATCODE":"34053838009","NAMEUNIT":"Bre├▒aBaja","CODNUT1":"ES7","CODNUT2":"ES70","CODNUT3":"ES707","CODIGOINE":"38009"},"id":8162},{"type":"Feature","geometry":{"type":"Polygon","coordinates":[[[-16.8525674599417,28.2731625403375],[-16.8506153103365,28.2773942596101],[-16.8476921304182,28.2799065999232],[-16.8461453698395,28.2835554198453],[-16.8443186304379,28.2828581500413],[-16.8421559103402,28.2839612799117],[-16.8392658701711,28.2866444697023],[-16.8378271104458,28.2865736101947],[-16.8354801800193,28.2882386502102],[-16.8339068697324,28.2880522303061],[-16.8290036097901,28.2922693698155],[-16.8216236496938,28.2929185896748],[-16.8211576198941,28.2954878100845],[-16.8238401097067,28.2991250202942],[-16.8238597495738,28.3044583199023],[-16.8269941297035,28.3064739998461],[-16.8252794596252,28.308175540309],[-16.8237165302697,28.3110031002464],[-16.8194958902304,28.3134690503242],[-16.8187990904207,28.3144710500185],[-16.8232262800933,28.3157385599422],[-16.8250347603384,28.3171312398806],[-16.8280643304307,28.3219368902344],[-16.8292309096082,28.3245474097005],[-16.8306147499303,28.324953889948],[-16.8320614597459,28.3296182303864],[-16.8321195097779,28.3324060501719],[-16.8344157303065,28.3366347700523],[-16.8337238595528,28.3408314800896],[-16.8342369898195,28.342791940086],[-16.8337127204433,28.3478978698868],[-16.8345512995576,28.3515776300347],[-16.835553409783,28.3528997697062],[-16.8332205496688,28.3578405301958],[-16.8347495002487,28.3660593697548],[-16.8337126800191,28.3751790799364],[-16.8303945899222,28.3923618700745],[-16.8323593401958,28.3929515903028],[-16.8351000004147,28.3922766801514],[-16.8410276703608,28.3890670999219],[-16.8415100602785,28.3872792001325],[-16.8489217003617,28.3879945900058],[-16.8517441099663,28.3848158399376],[-16.8529572299603,28.3852767197982],[-16.8550051202118,28.3813440899207],[-16.8609134197855,28.3776213698777],[-16.8604773802416,28.375730439672],[-16.8633806903241,28.3751159303854],[-16.8646791197273,28.3762577698211],[-16.8687065402339,28.3748128796746],[-16.8700970397672,28.3735809603746],[-16.8709002998196,28.3712714803897],[-16.8739810002212,28.36996397032],[-16.8756810996257,28.3709106699404],[-16.8819318199177,28.3672987702197],[-16.8854491797009,28.3687174799581],[-16.885159909603,28.366667589718],[-16.886825270257,28.3650147897705],[-16.8891317100204,28.3655179701285],[-16.8910777798277,28.3635914102129],[-16.8958611703751,28.3625972797093],[-16.8982855499521,28.3640534099062],[-16.9040563003878,28.3648238897435],[-16.9068399800273,28.3634286603719],[-16.9101330601285,28.3630811396284],[-16.9109943199071,28.3618977503763],[-16.9132319199736,28.362258899761],[-16.9161675496434,28.3613820401951],[-16.9203831698969,28.3561284897139],[-16.9228226896797,28.3556988499458],[-16.9241644196763,28.3504541002887],[-16.9227904599239,28.3466084999592],[-16.9207193796634,28.3428439799968],[-16.9170633801874,28.3425407802111],[-16.9110817897646,28.3396720699753],[-16.9081467996953,28.3396409799846],[-16.904724210378,28.3383496501884],[-16.9043016895807,28.3369053801861],[-16.8999822896574,28.3325519296578],[-16.896791980418,28.3322615399892],[-16.8961641802053,28.3311386401255],[-16.8975059497277,28.3287628796469],[-16.8948388696155,28.3267433600374],[-16.8948477800048,28.3240838202898],[-16.892493680124,28.3206674700986],[-16.8906433599462,28.3202978601164],[-16.8894518902489,28.3180863099395],[-16.882012120321,28.3141742699931],[-16.8804574599576,28.3123439400135],[-16.8817176696388,28.3089181301543],[-16.8814776901005,28.3062331299638],[-16.8803555200375,28.3034195097624],[-16.8751792800467,28.2998386202342],[-16.8708871898063,28.2996285997469],[-16.8703526904156,28.2963511001303],[-16.867052519912,28.2933812700254],[-16.8663798299862,28.2901209796625],[-16.8614003399072,28.2874717497977],[-16.8613976503512,28.2851489401913],[-16.8634648696527,28.2832617400194],[-16.8612841598932,28.2803829602196],[-16.8614132801389,28.279190899685],[-16.8595434296885,28.2763006200554],[-16.8594200901016,28.2748927096311],[-16.8561948902966,28.273191280282],[-16.8525674599417,28.2731625403375]]]},"properties":{"OBJECTID":8163,"INSPIREID":"ES.IGN.SIGLIM34053838010","NATCODE":"34053838010","NAMEUNIT":"BuenavistadelNorte","CODNUT1":"ES7","CODNUT2":"ES70","CODNUT3":"ES709","CODIGOINE":"38010"},"id":8163},{"type":"Feature","geometry":{"type":"Polygon","coordinates":[[[-16.4454625398863,28.3906211797931],[-16.4462806302257,28.3874310199519],[-16.4475122195819,28.3864341499986],[-16.4465882996172,28.3830323401366],[-16.4413420799675,28.3807323098164],[-16.4362022298305,28.3772224297977],[-16.4308987497679,28.3729008699229],[-16.4293126402848,28.3725745496519],[-16.4262162696713,28.369962519889],[-16.4226461895608,28.3654870797865],[-16.4206193396498,28.3650028000346],[-16.4172123998831,28.3627909101039],[-16.4149578998111,28.3589875001646],[-16.4114550002091,28.3572105898966],[-16.4099958298622,28.3533446902648],[-16.4072643198828,28.3530209202606],[-16.4065441899269,28.3508694298679],[-16.4012626700797,28.3492703402127],[-16.3984710601129,28.3458313701626],[-16.3946639002258,28.3463234702514],[-16.3941344601468,28.3439858298394],[-16.3897539604111,28.341891479796],[-16.3871151197381,28.3416855002889],[-16.3846564999757,28.3394080498669],[-16.3800826100273,28.3406313801284],[-16.3764870096779,28.3400395497816],[-16.3728519202868,28.3403397498791],[-16.3702673100092,28.3388711001386],[-16.366328629578,28.3396654996637],[-16.367322960393,28.3413956400103],[-16.3662591799251,28.342927079667],[-16.3670800604317,28.3450515600422],[-16.3689770696481,28.3464441096747],[-16.3688552302478,28.3497327500888],[-16.3697269500096,28.3544180003329],[-16.3689403402311,28.3575462799955],[-16.3672518901793,28.3584634098627],[-16.3657419596289,28.3611875100229],[-16.3642413904221,28.3619259296073],[-16.3642305001459,28.3645840200339],[-16.3630979500498,28.3673823898338],[-16.361127429897,28.36871373962],[-16.3616852100266,28.3721808302134],[-16.3616767200489,28.3759445501686],[-16.3600770603781,28.3775778798378],[-16.3610578598699,28.3786258603531],[-16.3593680398872,28.3802357101419],[-16.3570475603543,28.3800873599323],[-16.3556171702325,28.3832451397567],[-16.3510012696715,28.3856592496438],[-16.3472100602706,28.3867229800245],[-16.3442937901935,28.3915370501432],[-16.3422976797332,28.3924457401981],[-16.3394717101051,28.3954609697031],[-16.3373721801995,28.3962713200263],[-16.339372089635,28.3977768199229],[-16.3477449800728,28.3996166503374],[-16.3494816202481,28.4006103200814],[-16.3542031096859,28.4002475296504],[-16.3569121402235,28.4005635301239],[-16.3594048600341,28.4023248397597],[-16.3610001799438,28.4025525896293],[-16.3633283400724,28.4043678102751],[-16.3671045601845,28.4061404799566],[-16.3670970098445,28.4087309098162],[-16.3715035903679,28.4100494397595],[-16.3772066204076,28.41293509999],[-16.3821452101916,28.4143200996621],[-16.3837299398625,28.4137173297714],[-16.386901060189,28.4142085302959],[-16.390268159673,28.413289670202],[-16.3914484902607,28.4122125897036],[-16.3959428604419,28.412410249925],[-16.397716799566,28.4114533901834],[-16.4026417295679,28.4148865796317],[-16.4043266303761,28.4141471603786],[-16.4069043397956,28.4145330000126],[-16.4089307396506,28.4141447000189],[-16.4174611595549,28.4093186197209],[-16.419330100012,28.4093803701191],[-16.4218265101017,28.4082712499885],[-16.4226152399043,28.405419980113],[-16.4247558704291,28.402906549808],[-16.4249837002532,28.3993390898122],[-16.4236094296837,28.3980898897411],[-16.4246711898406,28.3965805498364],[-16.4294811597406,28.3953207099028],[-16.4338958601358,28.3949583897312],[-16.4357941503497,28.3934311297594],[-16.4414180801355,28.3919276299271],[-16.4427389503528,28.390733100381],[-16.4454625398863,28.3906211797931]]]},"properties":{"OBJECTID":8164,"INSPIREID":"ES.IGN.SIGLIM34053838011","NATCODE":"34053838011","NAMEUNIT":"Candelaria","CODNUT1":"ES7","CODNUT2":"ES70","CODNUT3":"ES709","CODIGOINE":"38011"},"id":8164},{"type":"Feature","geometry":{"type":"Polygon","coordinates":[[[-16.5376546297608,28.2871114497409],[-16.5284027998013,28.2804950499906],[-16.5179158797509,28.2721831900721],[-16.5144787700654,28.2706418998733],[-16.513224209889,28.268435549803],[-16.5104470295606,28.2652442000335],[-16.5044640000367,28.2602379197941],[-16.5035771301876,28.2587855502891],[-16.4994280697067,28.256948440226],[-16.4981522401194,28.255373950017],[-16.493731629708,28.252687630354],[-16.4928974397621,28.2513429198952],[-16.4862150897558,28.2479761502353],[-16.4853175101919,28.2464605902876],[-16.4822920103661,28.2443724396757],[-16.4820225400354,28.2418391796111],[-16.4742545203128,28.2372750402698],[-16.4717173303024,28.2328617902052],[-16.4694479496378,28.2316136001221],[-16.4681521702646,28.2292718400672],[-16.4646645402258,28.2268633100633],[-16.4632530201148,28.2242420396226],[-16.4569944898697,28.2181263201044],[-16.4534001803993,28.2183270501009],[-16.4512600196933,28.2160482402254],[-16.4476893799323,28.2157340998941],[-16.4441365600516,28.2144719700537],[-16.4444724697808,28.2121759002318],[-16.4411232198215,28.20785182031],[-16.4407009496543,28.2052388197855],[-16.4375737299956,28.2045316202828],[-16.4349359897589,28.2023299700192],[-16.4330229303433,28.2017444001788],[-16.4317154099893,28.1999619803177],[-16.4297072603077,28.1991165097125],[-16.4278707795751,28.199686269642],[-16.4263634604273,28.1966603200825],[-16.4232841703806,28.1934442602329],[-16.4209348800799,28.198516169737],[-16.4232611303902,28.1997781199725],[-16.4250156200902,28.202093849895],[-16.4246827295987,28.204570299737],[-16.4222037800631,28.2064806098755],[-16.4180044902832,28.2132174902666],[-16.4174372203509,28.2154743302657],[-16.4157156197701,28.2160436103357],[-16.4131579796123,28.2213725303814],[-16.4103521798573,28.2229583900342],[-16.4088146503664,28.2280122597453],[-16.4087354099752,28.2312126099819],[-16.4072027403701,28.2342428903638],[-16.4161345401197,28.2366965703267],[-16.4204635699829,28.2395859003701],[-16.4262009102766,28.2448873997165],[-16.4348108903724,28.2477305899408],[-16.4351608704138,28.2487468096831],[-16.4384342495625,28.2488567898235],[-16.4411100100953,28.250760079863],[-16.4422756002276,28.250269420206],[-16.4458036203182,28.2511166396941],[-16.4476725095713,28.253642070338],[-16.451131099772,28.2561244299912],[-16.4523204099193,28.2581335302002],[-16.4561240304442,28.2585334696342],[-16.4566998199986,28.2618938901987],[-16.4597517797011,28.2644245699847],[-16.4599804997556,28.2662453000035],[-16.4623778202795,28.2686024002011],[-16.4641637303532,28.268736699676],[-16.4831234002633,28.2781975199537],[-16.5037100503069,28.2848587398817],[-16.512175000095,28.3001518096585],[-16.5164319599196,28.3040676302478],[-16.5210504296623,28.3032670999973],[-16.5234062102909,28.3018418798929],[-16.5232807399002,28.2994786198872],[-16.5250886003079,28.2968230096248],[-16.5293009003881,28.2952433503776],[-16.5311678600599,28.2952350498161],[-16.5343395103925,28.2895766001067],[-16.5339125600026,28.2882456397834],[-16.5376546297608,28.2871114497409]]]},"properties":{"OBJECTID":8165,"INSPIREID":"ES.IGN.SIGLIM34053838012","NATCODE":"34053838012","NAMEUNIT":"Fasnia","CODNUT1":"ES7","CODNUT2":"ES70","CODNUT3":"ES709","CODIGOINE":"38012"},"id":8165},{"type":"Feature","geometry":{"type":"Polygon","coordinates":[[[-18.1571357001045,27.7117953396431],[-18.1317417203094,27.7144935797187],[-18.1154552004279,27.7165203702979],[-18.0942216196493,27.7202779601074],[-18.0654134704461,27.7261913803319],[-18.0617521700116,27.7251512701653],[-18.0575872704357,27.7247338002618],[-18.0535195595903,27.7248561898803],[-18.0489421302797,27.726295889693],[-18.0451982998235,27.7294265001481],[-18.0427940398139,27.7285295797834],[-18.0405948400309,27.7293203796364],[-18.0383122604198,27.7286425998194],[-18.0338139196852,27.7283048100194],[-18.0308859104239,27.7287352900608],[-18.0271508699828,27.7284319498624],[-18.0248447904438,27.7275034303239],[-18.0224502600871,27.7287350801404],[-18.0182771499095,27.7289417402361],[-18.0151142401846,27.7280987697343],[-18.010312559938,27.7304054096847],[-18.0085618602303,27.7319960202347],[-18.000269689709,27.7364278099618],[-17.9979993397622,27.737267309872],[-17.995984960264,27.7389771496695],[-17.9927936296402,27.7398437498485],[-17.9925755797746,27.7419169600016],[-17.9892724897463,27.7436699597456],[-17.9868460503323,27.7469338802305],[-17.9865164602512,27.7490852801189],[-17.984216599749,27.7509752400762],[-17.9805229096587,27.7557485798096],[-17.9791858904275,27.7596744697406],[-17.9810114197984,27.762394590274],[-17.9826950800332,27.7682732496142],[-17.9850354500631,27.7716019099253],[-17.9877300797085,27.7728218897454],[-17.9862151302706,27.7785450496138],[-17.9849068400605,27.7812579603824],[-17.9827818599846,27.7839668599316],[-17.9815834903276,27.78777520973],[-17.9803439499828,27.7893355397806],[-17.9789196899644,27.7934951597383],[-17.9786600804406,27.7964343598371],[-17.9800783900185,27.7997081000711],[-17.9795081197132,27.8037518503234],[-17.9806465798256,27.806283780148],[-17.9807573403035,27.8090002901701],[-17.9833687599024,27.8108535600757],[-17.9834815397931,27.8133074996819],[-17.9848598204419,27.8154002902147],[-17.986532680232,27.8159847200528],[-17.9880048797438,27.8193167096483],[-17.9920790099502,27.8220171901841],[-17.9894439098621,27.8178460001292],[-17.9887992096439,27.8150157903341],[-17.9873496000665,27.8125773502917],[-17.9862936403315,27.8073574497326],[-17.9875749101162,27.8029475201782],[-17.9890651495955,27.7997264903014],[-17.9914586900088,27.7980446196261],[-17.9933187101951,27.7943690103813],[-17.9977023198983,27.7908442801911],[-18.0018896998142,27.7894525298565],[-18.0061323099505,27.7887080297292],[-18.0070878398334,27.7873476802515],[-18.011979119843,27.7847523099292],[-18.0146330198734,27.7828271501361],[-18.0164706998569,27.7777914896512],[-18.0187157200076,27.7749145100893],[-18.0216036302712,27.7727360701914],[-18.0284162503667,27.7692844802541],[-18.0334010000817,27.7658664099076],[-18.0365735496279,27.7620171596276],[-18.0396470895584,27.7622003401643],[-18.0418172396218,27.7612207703897],[-18.0449816297703,27.7609895902906],[-18.0508488601658,27.7592148402245],[-18.0575172701155,27.757923640241],[-18.0601111896344,27.7559728597062],[-18.0709538101979,27.753134459795],[-18.0778996100259,27.7529330002145],[-18.082265970279,27.7531279203301],[-18.088195010156,27.7544793497144],[-18.0910009096241,27.7545997097668],[-18.1005910999168,27.756546940015],[-18.1026141499541,27.75616237029],[-18.1058503101039,27.7566146196625],[-18.1080497003298,27.7578685500853],[-18.1140609396485,27.7594541999368],[-18.1187800296862,27.7620880202823],[-18.1210063603874,27.7646318803171],[-18.1212576101892,27.7686716596045],[-18.1251371697967,27.769268549727],[-18.1273237096224,27.7705882900499],[-18.1324236404247,27.7711627296428],[-18.1365015399621,27.7668299298839],[-18.1397882195668,27.7657441196182],[-18.1407086396951,27.7625933002545],[-18.1444909000792,27.7623863900087],[-18.1469180302976,27.7595575096416],[-18.1512858296518,27.7598647401894],[-18.1542865898747,27.7553134001782],[-18.1552896702805,27.7513542496912],[-18.1546114404443,27.7499148300728],[-18.1519902301071,27.7485287699131],[-18.1512712302318,27.743982940342],[-18.1523852903044,27.7356403303478],[-18.1518964801274,27.7319731801427],[-18.1534138199823,27.7295401999001],[-18.1564348902153,27.7296931400014],[-18.1596697199602,27.7250660300975],[-18.1599581501333,27.7198171202347],[-18.1607345298974,27.7163050996145],[-18.1588342103892,27.7145499602423],[-18.1571357001045,27.7117953396431]]]},"properties":{"OBJECTID":8166,"INSPIREID":"ES.IGN.SIGLIM34053838013","NATCODE":"34053838013","NAMEUNIT":"Frontera","CODNUT1":"ES7","CODNUT2":"ES70","CODNUT3":"ES703","CODIGOINE":"38013"},"id":8166},{"type":"Feature","geometry":{"type":"Polygon","coordinates":[[[-17.8876497198307,28.5514652701903],[-17.8844115402682,28.5489669802178],[-17.8827034395695,28.5437931496258],[-17.8828949298454,28.5419732902755],[-17.8800423098977,28.540189209721],[-17.8794509803872,28.5335113696056],[-17.8782997004174,28.530990239881],[-17.8783710401257,28.5275664099037],[-17.8800951901252,28.5256166196887],[-17.8784862301963,28.5231629299351],[-17.8756190898803,28.5222882903336],[-17.875206959896,28.5205759302275],[-17.8763867002906,28.5170086301648],[-17.8749715500876,28.5146130301036],[-17.8767376100884,28.5133840198985],[-17.8746786903218,28.5093910101687],[-17.8764355596589,28.5070364596716],[-17.8758451697862,28.5037574198638],[-17.8768074298472,28.5012122300147],[-17.8744754599635,28.4962146901951],[-17.8756954996801,28.493950900323],[-17.8726755900703,28.4901585703444],[-17.8723060096877,28.4877849897857],[-17.8688616002921,28.4838003796494],[-17.8697872396322,28.4816736502673],[-17.8693084097381,28.4796352201297],[-17.8676519495918,28.4771985899165],[-17.8682825597347,28.4739775997316],[-17.8629733996246,28.4666503598476],[-17.8607862803855,28.4647353603413],[-17.8577393395705,28.4632596496423],[-17.8573459502396,28.4608558300998],[-17.8547292701064,28.4590147001916],[-17.851903530447,28.4589630497926],[-17.8484421797234,28.4564494297224],[-17.846883629655,28.4567563000408],[-17.8426743398292,28.4545874301543],[-17.8405509704326,28.4528195800145],[-17.8341606699117,28.4566107999051],[-17.8325315302282,28.4579085397779],[-17.8320636202546,28.4634795101183],[-17.8308770302059,28.4667543598917],[-17.8280491399797,28.4706145303103],[-17.8264507298654,28.4713134997644],[-17.8231429703942,28.4790949197928],[-17.8210831801602,28.4846015096391],[-17.8214175097527,28.4866530800092],[-17.8188914498687,28.4898762803831],[-17.8171064695514,28.4946338196427],[-17.8149838700109,28.4965270597983],[-17.814136260133,28.4987159003176],[-17.8107340499962,28.5003018198516],[-17.8089109999755,28.5019470301632],[-17.806299709734,28.5060278498718],[-17.8062987700962,28.5084986300208],[-17.8034599500679,28.5129828201396],[-17.8013422795834,28.5145059198121],[-17.80038860023,28.5180671296929],[-17.7969084298013,28.5182972303252],[-17.7990590001848,28.5206391603113],[-17.8051465100644,28.5256463701687],[-17.814706879883,28.5294716796617],[-17.8227260703557,28.5314069100691],[-17.8269722297356,28.5320491696326],[-17.8403215398107,28.5365513301127],[-17.8395459299029,28.5445690203705],[-17.8397186597623,28.5483370002792],[-17.8390575796633,28.5533934701242],[-17.8340354303881,28.5543284496603],[-17.8352042400824,28.5571455699477],[-17.83506865017,28.5600891902459],[-17.8366988498655,28.5606775203426],[-17.838862390125,28.5552558397871],[-17.8470351898164,28.5548408901457],[-17.8526073901165,28.5538487499621],[-17.863181400037,28.5545820399294],[-17.8691560797204,28.5541219697862],[-17.8746488204403,28.5547272598278],[-17.8777313300489,28.5534530997869],[-17.8805427703256,28.5535196896624],[-17.8852989500048,28.5514701000846],[-17.8876497198307,28.5514652701903]]]},"properties":{"OBJECTID":8167,"INSPIREID":"ES.IGN.SIGLIM34053838014","NATCODE":"34053838014","NAMEUNIT":"FuencalientedelaPalma","CODNUT1":"ES7","CODNUT2":"ES70","CODNUT3":"ES707","CODIGOINE":"38014"},"id":8167},{"type":"Feature","geometry":{"type":"Polygon","coordinates":[[[-16.7960337796746,28.3656719102776],[-16.7912973000497,28.3631080901444],[-16.790623279719,28.3594258601128],[-16.7885436798362,28.3607436997777],[-16.7843242103017,28.3610065901924],[-16.7823184097145,28.3618631199819],[-16.780503130121,28.3673467897721],[-16.7745606101248,28.3689314496839],[-16.7680665496971,28.3674185202718],[-16.766108320294,28.365620019885],[-16.7634420001565,28.3617197802731],[-16.7632449304444,28.3510370301174],[-16.7627317103462,28.3416488898731],[-16.7619250304076,28.318736370268],[-16.7574311498083,28.3022870601058],[-16.7440553196694,28.2880820800097],[-16.709154809684,28.2746061902135],[-16.7007435504038,28.2719956099198],[-16.7191633597776,28.2865017697421],[-16.7274965096455,28.295539689646],[-16.7283966898322,28.300762740255],[-16.7292681302179,28.3023130097008],[-16.7321058102841,28.3037480696381],[-16.7342197303023,28.3089646702666],[-16.7438617102678,28.3416840297055],[-16.74343854987,28.3451278998462],[-16.7445330796701,28.3459351497132],[-16.7419447395875,28.351103379979],[-16.7384153998716,28.3542620097954],[-16.7400139195804,28.355315559872],[-16.7398514197354,28.3603624998123],[-16.7393153204452,28.3630858097658],[-16.7401574200571,28.3652951601247],[-16.7392185700925,28.368411680009],[-16.737367119834,28.3700056202096],[-16.7386609902872,28.3755122803949],[-16.7389088300842,28.3803278703388],[-16.7413784299542,28.3796490798072],[-16.7454496100932,28.3745893003791],[-16.7492474903834,28.3713017201165],[-16.7522530799492,28.3707270500129],[-16.7552667103352,28.3729132097056],[-16.7550068897072,28.3749446296192],[-16.7608614296028,28.3742475402193],[-16.7627309997788,28.3755616896767],[-16.7654576498725,28.3751464701538],[-16.7682054301383,28.3715768697758],[-16.7695733100928,28.3710636798488],[-16.7719584296986,28.3740495503605],[-16.776151210286,28.3747972402363],[-16.780860830284,28.3733757900668],[-16.7847444601579,28.3752201096964],[-16.7882193502894,28.3753784998651],[-16.7909648398513,28.3735411803918],[-16.7934689997069,28.3747451796304],[-16.7962032396665,28.3733045196558],[-16.797073579616,28.3716686098828],[-16.7972334797365,28.3684446997272],[-16.7960337796746,28.3656719102776]]]},"properties":{"OBJECTID":8168,"INSPIREID":"ES.IGN.SIGLIM34053838015","NATCODE":"34053838015","NAMEUNIT":"Garachico","CODNUT1":"ES7","CODNUT2":"ES70","CODNUT3":"ES709","CODIGOINE":"38015"},"id":8168},{"type":"Feature","geometry":{"type":"Polygon","coordinates":[[[-17.9880246804093,28.7956620601249],[-17.9845030796797,28.7949437796801],[-17.9822487700506,28.7938120403722],[-17.9809711698838,28.7917386496485],[-17.9803614797072,28.788667299812],[-17.9751174797946,28.7853735398918],[-17.9733338397636,28.7813358401157],[-17.969542050051,28.7801295100012],[-17.9690844599234,28.7780739999188],[-17.9658087703079,28.7770095396752],[-17.9652225701776,28.7751092796494],[-17.9634914303869,28.7743535603897],[-17.9615110700885,28.7720247698432],[-17.9564693896424,28.7696818898312],[-17.9553472096979,28.7701845397129],[-17.9527330403559,28.7678785202925],[-17.9497000503773,28.7666910601778],[-17.9415653203894,28.7661380199648],[-17.940064279567,28.7666397797719],[-17.937769969755,28.7651382902594],[-17.9361546201094,28.7663099898265],[-17.9334306901144,28.7633565001704],[-17.9328805600378,28.7612577303126],[-17.9280178698104,28.7579536902101],[-17.9264252098122,28.7581054997627],[-17.921406100436,28.7532170299314],[-17.916705290216,28.7516580701612],[-17.9104650595516,28.7543725698093],[-17.9054370703287,28.7546703303462],[-17.8957363198824,28.7540489398862],[-17.8901692103351,28.7503887297134],[-17.8880809803374,28.7529861900799],[-17.8848667300974,28.7544711301153],[-17.8827451797892,28.758097560027],[-17.8758513699583,28.7624481596316],[-17.8705023902266,28.7600182796372],[-17.8679492102041,28.7613624903385],[-17.8635488100899,28.7606711501873],[-17.8622498803251,28.7629628502634],[-17.8580557298069,28.76683133033],[-17.8569997197662,28.7690276401516],[-17.8615785603301,28.7706174303123],[-17.8616308898904,28.7729075300989],[-17.8600292700956,28.7779929603202],[-17.8607045498643,28.780973439985],[-17.8598036797715,28.7839783201599],[-17.8615938999619,28.7857895403533],[-17.8585750000585,28.791103469713],[-17.858203770369,28.7959201500271],[-17.8563819195992,28.7974561600282],[-17.8580553102936,28.7991075298782],[-17.8548145103454,28.8030640101615],[-17.8545869203715,28.805982439697],[-17.8532657599983,28.8078595996982],[-17.8501277704377,28.8092159099794],[-17.8511387497299,28.8136145698995],[-17.8477757196142,28.820252580317],[-17.8497108802807,28.8217271199025],[-17.8502666796251,28.8240787302906],[-17.847756780433,28.8240686399356],[-17.8467329803852,28.8274729597128],[-17.8487325700205,28.8298030897048],[-17.8489409701833,28.8318102503097],[-17.8473653799722,28.833800990392],[-17.8480695100346,28.8350947603914],[-17.8518623498777,28.833448670137],[-17.8571321404222,28.8327146900396],[-17.8610074501,28.833992740197],[-17.8638858903239,28.8364211701022],[-17.8681942499524,28.8353671298552],[-17.8716380197475,28.8359189002089],[-17.8772037503809,28.8379370698204],[-17.8797451498967,28.8378575396442],[-17.8857799098045,28.8406401499942],[-17.8902103397003,28.8400770796569],[-17.8917592400661,28.8410387598678],[-17.8960502496332,28.8422103302405],[-17.9003613697845,28.8462433498086],[-17.9033454896151,28.8465687598314],[-17.9047150601989,28.847889530358],[-17.9038186295803,28.8493267801839],[-17.9051052802735,28.8529322799762],[-17.9050195899786,28.854602810357],[-17.9073752897588,28.8556425102166],[-17.9096863100318,28.8547456600753],[-17.9107437699533,28.8575803297064],[-17.9146942596373,28.8568725501356],[-17.9178296997791,28.8543512797881],[-17.9183977198046,28.8564929196744],[-17.9198163096568,28.8574300198383],[-17.9226737302014,28.8555586796635],[-17.9227972701125,28.8538593696098],[-17.9250959897543,28.8530058197428],[-17.9231325698856,28.8504651400438],[-17.9241553198029,28.8483530601293],[-17.9265124002937,28.8462958799109],[-17.9358387598791,28.8419096398911],[-17.9388271503005,28.8410417500479],[-17.9419885598388,28.8422824501875],[-17.9463981703797,28.842373729813],[-17.9459437396269,28.8400628801035],[-17.9485707000802,28.840477170261],[-17.9489698799515,28.8376705097942],[-17.9505195699363,28.8346528603426],[-17.9533439396649,28.8321250201729],[-17.958014599729,28.8290415899619],[-17.962899059729,28.8266090497329],[-17.9660196695838,28.826599060359],[-17.9682803797092,28.8254155201406],[-17.9666280796611,28.823025599995],[-17.968521560295,28.8196962501747],[-17.9706626103331,28.820074820167],[-17.9708119696221,28.8155256100869],[-17.972072309559,28.8139987700432],[-17.9761874999604,28.8109847501733],[-17.9776953401311,28.8105663196697],[-17.977145299886,28.8081512796424],[-17.9783792095906,28.8046226096291],[-17.9816265097482,28.8007806497078],[-17.9847420001042,28.7985010398803],[-17.986926910386,28.7987800900641],[-17.9880246804093,28.7956620601249]]]},"properties":{"OBJECTID":8169,"INSPIREID":"ES.IGN.SIGLIM34053838016","NATCODE":"34053838016","NAMEUNIT":"Garaf├¡a","CODNUT1":"ES7","CODNUT2":"ES70","CODNUT3":"ES707","CODIGOINE":"38016"},"id":8169},{"type":"Feature","geometry":{"type":"Polygon","coordinates":[[[-16.620070569994,28.1341901803914],[-16.6160841701565,28.1304375900285],[-16.6146365099233,28.1275935999907],[-16.6126141902164,28.1264802300713],[-16.612715610012,28.1237353100572],[-16.6108787600718,28.1227641203113],[-16.6120229604189,28.1209907103457],[-16.61091278017,28.118232959608],[-16.6108440096434,28.1129538899299],[-16.6076946096821,28.1106442597976],[-16.6072412497211,28.1082307600604],[-16.6033888902022,28.1058651896794],[-16.6019215200333,28.1009634697653],[-16.6015911897404,28.0951729701773],[-16.5997372601318,28.0936963901629],[-16.6003476797404,28.0916224300421],[-16.6021904998839,28.0889293602381],[-16.6025653803267,28.0861451302694],[-16.6038962002841,28.08256450964],[-16.6030641797697,28.0793070099168],[-16.6039488604244,28.075839900359],[-16.6037136796864,28.0723407603849],[-16.6017419099771,28.0676976099979],[-16.6059709896885,28.0612851797607],[-16.6054618102125,28.0578343699993],[-16.6065855604121,28.0554745901404],[-16.605979159866,28.0536946298895],[-16.6066738603129,28.0518362703838],[-16.6052783598584,28.0496684297671],[-16.6068627203216,28.0460667498312],[-16.6024766698957,28.040486100392],[-16.6012992498495,28.0399763601581],[-16.5994111501241,28.0368114497908],[-16.5980994499091,28.032720099788],[-16.5972714798983,28.0279917999259],[-16.5957636702703,28.0291320699875],[-16.5909632296988,28.0276335998418],[-16.5873577299149,28.0295823501133],[-16.5817867198826,28.0289399299113],[-16.5775864698036,28.0293880603637],[-16.5753071097545,28.0308555600921],[-16.571283119914,28.0311913601253],[-16.5685172996807,28.0305451703742],[-16.566762599775,28.0290606702963],[-16.5639270801571,28.029426910095],[-16.5587632099677,28.0312672202486],[-16.5540437399427,28.0307773597167],[-16.5517168599134,28.0297368597811],[-16.5508072599927,28.0271631599379],[-16.5488932995669,28.0254040400856],[-16.5465305004009,28.0248990600429],[-16.5428861502776,28.0287406497376],[-16.5413554902037,28.0289627098397],[-16.5402673501203,28.0323323701844],[-16.5431159501071,28.0365775401978],[-16.542618349915,28.0392735999357],[-16.5408111497691,28.0424419502068],[-16.5384221296783,28.0438360901889],[-16.5334705897811,28.0435141996473],[-16.5331909999287,28.047326049804],[-16.5322561699249,28.0489818196661],[-16.5297627602083,28.0501341897019],[-16.525857760312,28.0501713298094],[-16.5220845899803,28.0532845602376],[-16.5206434299565,28.0595325997915],[-16.5165930098837,28.0601071998563],[-16.511925749943,28.0653176303188],[-16.5097042000757,28.0660171899238],[-16.5066308901139,28.0682414396458],[-16.5072406198164,28.0696882600374],[-16.5038911704312,28.0761615403444],[-16.4970674103278,28.078153159823],[-16.4955608700193,28.0791461499733],[-16.4935027802961,28.0788591802196],[-16.4917007301917,28.0774306702179],[-16.4877766500788,28.0786760297266],[-16.4913363097321,28.0816599203715],[-16.4894821797992,28.0860409402179],[-16.4907857700237,28.0883941596105],[-16.4890211796667,28.0904666200885],[-16.4858198903196,28.0930122201001],[-16.4842255001662,28.0932641498757],[-16.4817692097354,28.0953590301884],[-16.4849967900759,28.100490310222],[-16.4874879504111,28.1025130400842],[-16.4874266601559,28.1054470696299],[-16.4902075101023,28.1070595500794],[-16.4907913800027,28.108795160187],[-16.4932549997879,28.1117468297516],[-16.4971607300145,28.1137079198816],[-16.497577729766,28.1166096396398],[-16.4997831000767,28.1178039802255],[-16.5031167202483,28.1225149598367],[-16.5043591199307,28.1232685097899],[-16.5043989602135,28.1261201796417],[-16.5083372202332,28.1281708296117],[-16.5116605600846,28.1291992196093],[-16.5123047698227,28.130122649992],[-16.5159982802499,28.1292334099029],[-16.520106600336,28.1310471601067],[-16.5224041898972,28.1336842096278],[-16.5235672701365,28.1360089101997],[-16.5252229298839,28.1371638103804],[-16.5259063403043,28.1394035699052],[-16.5256917399694,28.1436570196514],[-16.5303577503535,28.1481177500078],[-16.531952499833,28.1514123000352],[-16.5341430901624,28.153635140036],[-16.5355417499918,28.15602025965],[-16.5384255298017,28.1575673503431],[-16.5401451495973,28.1595977198451],[-16.5462170997578,28.161875899918],[-16.5464727198635,28.1633622300067],[-16.5521510004188,28.1658612001873],[-16.552582550183,28.1682390301362],[-16.5560341595756,28.1695717103889],[-16.5557184996696,28.1716872599703],[-16.5580500096159,28.1716246398233],[-16.5604717400611,28.1742685899254],[-16.5608400196832,28.1757806696659],[-16.5669561400063,28.1837885503885],[-16.5658867801022,28.1851997400822],[-16.5686514100678,28.1868747803565],[-16.5702639596646,28.1898707703053],[-16.5704705101962,28.192151840062],[-16.5733877603353,28.193797040207],[-16.5735624997261,28.1959882097563],[-16.5757065699001,28.197696399913],[-16.5777602902178,28.2008767496696],[-16.5805130498452,28.2003214902756],[-16.5841719400997,28.2011094896342],[-16.5857058898042,28.2028787296815],[-16.5895471596209,28.2042782002027],[-16.5898167700889,28.2059718301244],[-16.5916889597523,28.2064915701354],[-16.5949627000236,28.2115076199149],[-16.5953471699821,28.2133813097769],[-16.5998836603702,28.2181839301823],[-16.6093698401261,28.2169444102117],[-16.618532550023,28.2137315399275],[-16.618952560029,28.2092229403142],[-16.6184815697323,28.2063675002436],[-16.6199472600515,28.2015486796231],[-16.6184141197292,28.1991931797948],[-16.6158828603963,28.1982032501091],[-16.6147062200877,28.1958344603693],[-16.6135837499874,28.1902881103515],[-16.6133750902115,28.1872490298262],[-16.6141858700611,28.1835842097732],[-16.6133641199853,28.1810938798834],[-16.6137223402728,28.1751049501691],[-16.6111907198172,28.1720120097329],[-16.6116302196716,28.1693984997187],[-16.6141334003636,28.1652444100906],[-16.6164256296775,28.1591974399017],[-16.6159665196004,28.1571089802772],[-16.6126876301858,28.1523732203084],[-16.6169005096794,28.1460779698254],[-16.6194353901212,28.1460389896075],[-16.6211248103535,28.1439521901999],[-16.6215358902073,28.1388660403181],[-16.620070569994,28.1341901803914]]]},"properties":{"OBJECTID":8170,"INSPIREID":"ES.IGN.SIGLIM34053838017","NATCODE":"34053838017","NAMEUNIT":"GranadilladeAbona","CODNUT1":"ES7","CODNUT2":"ES70","CODNUT3":"ES709","CODIGOINE":"38017"},"id":8170},{"type":"Feature","geometry":{"type":"Polygon","coordinates":[[[-16.6839957195728,28.3912703196127],[-16.6829267100117,28.3883770302266],[-16.6802113301815,28.3870387702966],[-16.6789908502904,28.384066569709],[-16.676094489575,28.3822422096837],[-16.6733572303778,28.3781965898742],[-16.6737148703536,28.3749793197658],[-16.6718935001825,28.373359140285],[-16.6674347203546,28.368170280215],[-16.6641308999959,28.3670013299093],[-16.6615694698459,28.3630525702084],[-16.6616603101824,28.3603710403432],[-16.6562439496178,28.3513307299432],[-16.6569508896105,28.3495532298234],[-16.6567179798135,28.3470380800581],[-16.6526657002281,28.3416262199509],[-16.6491509204064,28.3399450000439],[-16.6436962404067,28.3361571703795],[-16.6441347997251,28.3341663700664],[-16.6417793802192,28.328256239605],[-16.6389329002565,28.3248880203516],[-16.6394326195743,28.3235553200123],[-16.6373396895911,28.3200967796504],[-16.6355707001841,28.3191342600884],[-16.6346011898205,28.3164293201595],[-16.6332657695905,28.3151366802406],[-16.6333964304469,28.30967491022],[-16.6341190900587,28.3082493101272],[-16.6330100300089,28.3064124299901],[-16.6408726998231,28.2998470699256],[-16.6080932999714,28.3068699701707],[-16.6113690704354,28.3124269401602],[-16.6301527100756,28.3416265599247],[-16.6306545700788,28.3444273596362],[-16.6317403197453,28.3460479096306],[-16.6344290501542,28.3544090300591],[-16.6355719497407,28.3570847903228],[-16.6402488000954,28.3639778702273],[-16.6430853500809,28.3659653000685],[-16.6428319901365,28.3680630697585],[-16.6462794502108,28.3692939797272],[-16.6485165499157,28.3720917597632],[-16.6492604501923,28.3740050898313],[-16.6484855795979,28.377344700206],[-16.649593329904,28.3783691602441],[-16.6506244000174,28.3830045498206],[-16.6539809595682,28.386230879947],[-16.6552733001904,28.388615820344],[-16.6524734499775,28.3929276700923],[-16.6523235499027,28.39620932966],[-16.6558289297532,28.3976323702834],[-16.6567558500909,28.3991552899482],[-16.660911980313,28.4011965997454],[-16.6619004496208,28.3986125001754],[-16.6659888899896,28.398997550079],[-16.6695549797837,28.4009564503886],[-16.6767365002372,28.3986481600711],[-16.6773809399439,28.3964734099807],[-16.6754212903044,28.3943884699501],[-16.6765190899721,28.3930708996707],[-16.6814576501118,28.3903640100594],[-16.6839957195728,28.3912703196127]]]},"properties":{"OBJECTID":8171,"INSPIREID":"ES.IGN.SIGLIM34053838018","NATCODE":"34053838018","NAMEUNIT":"LaGuancha","CODNUT1":"ES7","CODNUT2":"ES70","CODNUT3":"ES709","CODIGOINE":"38018"},"id":8171},{"type":"Feature","geometry":{"type":"Polygon","coordinates":[[[-16.8403993904478,28.2266515097054],[-16.8383358299844,28.2242381802262],[-16.8397835099805,28.2222089700562],[-16.8395163303538,28.2201152900368],[-16.8370858098935,28.2185353002463],[-16.8364355500021,28.213817939987],[-16.8378162695769,28.2133571900513],[-16.8360125504028,28.2100541103932],[-16.8366453497401,28.2069078201065],[-16.8348674104179,28.2064750398939],[-16.8333106201491,28.2020495597484],[-16.8318118098436,28.2005968501796],[-16.8298057397618,28.2011581803268],[-16.8263896497556,28.1952176499373],[-16.8277795501126,28.1938706896827],[-16.8245778798799,28.1909804597404],[-16.8210041795587,28.1856007200839],[-16.819650459748,28.1807833900592],[-16.8179461400584,28.179796190385],[-16.8129671296798,28.1800290498914],[-16.8097470996792,28.1762679499063],[-16.8084880901473,28.1760129503503],[-16.8059381198054,28.1722662198056],[-16.8051768802471,28.1677486303518],[-16.8059804798626,28.163025400328],[-16.8047186702819,28.1616838397368],[-16.8023832104433,28.1567321202313],[-16.7962099500816,28.1584410000099],[-16.792938990096,28.1606949796403],[-16.7879956599022,28.1604347499465],[-16.7801156696709,28.163018409678],[-16.7788041598988,28.1637664802923],[-16.7734771197213,28.1630955602307],[-16.7700335700135,28.1636274902254],[-16.7680993202386,28.1649069599048],[-16.7648398002982,28.1648677996424],[-16.7602265596488,28.1666780598175],[-16.7553543598558,28.1676702097337],[-16.7523575998309,28.1668873403438],[-16.7469134804257,28.1677872399627],[-16.7460478602247,28.1690437402291],[-16.7420544499348,28.170231780292],[-16.7377173801498,28.1722173797477],[-16.732975470209,28.175571659934],[-16.7294922796443,28.1762113799103],[-16.7263276900698,28.1783000297331],[-16.7203866999046,28.1787539198285],[-16.7178086500235,28.182504640342],[-16.7144112898909,28.18471327967],[-16.7110189100183,28.1859651098651],[-16.7100787404284,28.188332409674],[-16.7054763702923,28.1922345601208],[-16.7032006295555,28.1951870498085],[-16.7011262803255,28.1960702499276],[-16.6986835697269,28.2000716600142],[-16.6958444703226,28.2022097499454],[-16.6923059201802,28.2039322599313],[-16.6825738499714,28.2095486597904],[-16.6806989303278,28.2127846699165],[-16.687252130444,28.2542645103555],[-16.677330050383,28.268871990327],[-16.7046742600835,28.2685252103252],[-16.7434450797238,28.2731627096427],[-16.7481972897477,28.2738870999241],[-16.7722929901582,28.2706433603628],[-16.7938493203471,28.263170000172],[-16.8042967495593,28.2582943697307],[-16.8091964297151,28.2557026201675],[-16.8363436397721,28.2305323703158],[-16.8403993904478,28.2266515097054]]]},"properties":{"OBJECTID":8172,"INSPIREID":"ES.IGN.SIGLIM34053838019","NATCODE":"34053838019","NAMEUNIT":"Gu├¡adeIsora","CODNUT1":"ES7","CODNUT2":"ES70","CODNUT3":"ES709","CODIGOINE":"38019"},"id":8172},{"type":"Feature","geometry":{"type":"Polygon","coordinates":[[[-16.512175000095,28.3001518096585],[-16.5037100503069,28.2848587398817],[-16.4831234002633,28.2781975199537],[-16.4641637303532,28.268736699676],[-16.4623778202795,28.2686024002011],[-16.4599804997556,28.2662453000035],[-16.4597517797011,28.2644245699847],[-16.4566998199986,28.2618938901987],[-16.4561240304442,28.2585334696342],[-16.4523204099193,28.2581335302002],[-16.451131099772,28.2561244299912],[-16.4476725095713,28.253642070338],[-16.4458036203182,28.2511166396941],[-16.4422756002276,28.250269420206],[-16.4411100100953,28.250760079863],[-16.4384342495625,28.2488567898235],[-16.4351608704138,28.2487468096831],[-16.4348108903724,28.2477305899408],[-16.4262009102766,28.2448873997165],[-16.4204635699829,28.2395859003701],[-16.4161345401197,28.2366965703267],[-16.4072027403701,28.2342428903638],[-16.4051039596594,28.2384080798567],[-16.4019988098106,28.2406042703592],[-16.4024760398053,28.2436626196115],[-16.398313529748,28.2484968901505],[-16.3955292599154,28.2534505501494],[-16.395787489627,28.2549641900133],[-16.3940794796581,28.2574970298927],[-16.39117678043,28.2602712603373],[-16.3882275897927,28.2641100000322],[-16.3873023196602,28.2645291600553],[-16.3871211501286,28.2686439102179],[-16.3839863199429,28.2724248798988],[-16.3837255497957,28.2765431399193],[-16.3841044403179,28.2791169799836],[-16.3837498896483,28.2847344098914],[-16.3807342398496,28.2872072203672],[-16.3776283902132,28.2904453399536],[-16.3763622399731,28.2927632096936],[-16.3737826800241,28.2955582001447],[-16.3720276396568,28.2957058197139],[-16.3696696500709,28.2998108097268],[-16.3644954196114,28.3016424500124],[-16.3620835903973,28.3059572502658],[-16.3614338299691,28.3105098701534],[-16.3600813103077,28.3141804701854],[-16.3593921300082,28.3199735702688],[-16.3612258097937,28.322123209652],[-16.3630161000527,28.3263815996058],[-16.3625029302601,28.3302869397303],[-16.375780630234,28.3275830901244],[-16.382251119767,28.3278425802131],[-16.3890737003824,28.3292895598697],[-16.3953290496931,28.3294693800653],[-16.3984221998463,28.331205809736],[-16.4013901095775,28.3319425203405],[-16.4044820101741,28.3335714199889],[-16.4081942900009,28.3343544597519],[-16.4362194801789,28.3322931002372],[-16.4526625898891,28.3360711699507],[-16.4639689100226,28.3355801799238],[-16.4670507000807,28.3349152699291],[-16.4841390301336,28.3350362702106],[-16.4858740003407,28.3329694997134],[-16.485158409572,28.3299266897813],[-16.4914847895705,28.3242347800093],[-16.493383599909,28.3214341502406],[-16.4952174000687,28.3169103599807],[-16.4982805698477,28.3149723701723],[-16.4991242999019,28.3133204700044],[-16.4990834696756,28.3096836596624],[-16.5046600600424,28.3059940303651],[-16.5101054900896,28.3009157199201],[-16.512175000095,28.3001518096585]]]},"properties":{"OBJECTID":8173,"INSPIREID":"ES.IGN.SIGLIM34053838020","NATCODE":"34053838020","NAMEUNIT":"G├╝├¡mar","CODNUT1":"ES7","CODNUT2":"ES70","CODNUT3":"ES709","CODIGOINE":"38020"},"id":8173},{"type":"Feature","geometry":{"type":"Polygon","coordinates":[[[-17.1843311397503,28.1814426100405],[-17.1912359898761,28.1819893097285],[-17.1934268398185,28.1807540503526],[-17.1946416198991,28.1786022796825],[-17.1968644597472,28.1768457898079],[-17.1973237701486,28.1750544397631],[-17.1990592497005,28.174319110205],[-17.2036343703408,28.1738583903137],[-17.2048745799305,28.1725624700131],[-17.2077025303438,28.1716740598213],[-17.2117315300886,28.1684362996954],[-17.2128294896564,28.1668168598178],[-17.2151766302887,28.1659297600948],[-17.2184606203375,28.1604597100265],[-17.2214265995892,28.1576494801813],[-17.2258750002822,28.1517479900693],[-17.2270723296901,28.1496350403295],[-17.2315046199969,28.1454409101612],[-17.2347983603598,28.1433009399502],[-17.2349709599636,28.1418083302485],[-17.2371279003007,28.1393981097056],[-17.2385523103377,28.1356417900266],[-17.2379394904306,28.1296691898194],[-17.2413910001102,28.1258959499458],[-17.2398993601574,28.1248952702699],[-17.2400884303718,28.1221923297813],[-17.2426386100212,28.1178680302501],[-17.2435031899732,28.1151549302037],[-17.243610770415,28.1118667901546],[-17.2448535402032,28.1110424297003],[-17.243791930065,28.1085936802892],[-17.2411645599799,28.1084137999097],[-17.2382783295659,28.1063548696462],[-17.2366348896014,28.1073896303955],[-17.2322587799325,28.1074862602965],[-17.2281895500359,28.1095295601921],[-17.2229471500228,28.1090290702693],[-17.2208126900257,28.1080755898761],[-17.2191318397211,28.1091324202886],[-17.2181703099905,28.1117125102758],[-17.2185567301914,28.1179722702147],[-17.2166390696049,28.1217237497004],[-17.2118683102687,28.1224090597452],[-17.2068877098721,28.1239837103036],[-17.2046747802383,28.1237802196842],[-17.1955988296316,28.12703916997],[-17.1946295797794,28.1289262197296],[-17.1904111495956,28.1313669797322],[-17.1889265102138,28.1314430503538],[-17.1851974202131,28.1351842798806],[-17.1825004801008,28.1354691296726],[-17.1806565199952,28.1375089898905],[-17.1807537500483,28.1422557403553],[-17.1795909896091,28.1440068096645],[-17.1740499500696,28.1433648796851],[-17.1700950703189,28.1476678899436],[-17.1647236596546,28.1488854103878],[-17.1563858098011,28.1483519299254],[-17.1530559302143,28.1469966297762],[-17.150140500062,28.1486974100116],[-17.1465548000453,28.1515077600007],[-17.1446643296658,28.1546840001892],[-17.1385983299457,28.1605051998286],[-17.1455895198483,28.1613050602111],[-17.1481947500549,28.162870399762],[-17.1506224498052,28.1633953600494],[-17.1536116397272,28.1661790500482],[-17.1555536096236,28.1665455198921],[-17.156849409658,28.1690119898722],[-17.1551210097288,28.172597180198],[-17.1590995699687,28.1724000402621],[-17.1611289297726,28.1730546999589],[-17.1639699901992,28.1717411098148],[-17.166093049677,28.1725981502649],[-17.1663111202038,28.176092189977],[-17.1648302797973,28.1775476501022],[-17.1669904298149,28.1787226102443],[-17.1681345097878,28.1808159802218],[-17.170257550401,28.1792411200086],[-17.1728642197087,28.1789750797331],[-17.176370789827,28.1773871798456],[-17.1821088703325,28.1793847402748],[-17.1843311397503,28.1814426100405]]]},"properties":{"OBJECTID":8175,"INSPIREID":"ES.IGN.SIGLIM34053838021","NATCODE":"34053838021","NAMEUNIT":"Hermigua","CODNUT1":"ES7","CODNUT2":"ES70","CODNUT3":"ES706","CODIGOINE":"38021"},"id":8175},{"type":"Feature","geometry":{"type":"Polygon","coordinates":[[[-16.7389088300842,28.3803278703388],[-16.7386609902872,28.3755122803949],[-16.737367119834,28.3700056202096],[-16.7392185700925,28.368411680009],[-16.7401574200571,28.3652951601247],[-16.7393153204452,28.3630858097658],[-16.7398514197354,28.3603624998123],[-16.7400139195804,28.355315559872],[-16.7384153998716,28.3542620097954],[-16.7419447395875,28.351103379979],[-16.7445330796701,28.3459351497132],[-16.74343854987,28.3451278998462],[-16.7438617102678,28.3416840297055],[-16.7342197303023,28.3089646702666],[-16.7321058102841,28.3037480696381],[-16.7292681302179,28.3023130097008],[-16.7283966898322,28.300762740255],[-16.7274965096455,28.295539689646],[-16.7191633597776,28.2865017697421],[-16.7007435504038,28.2719956099198],[-16.677330050383,28.268871990327],[-16.6746429099922,28.2710890397251],[-16.6693321499825,28.292678900129],[-16.6408726998231,28.2998470699256],[-16.6330100300089,28.3064124299901],[-16.6341190900587,28.3082493101272],[-16.6333964304469,28.30967491022],[-16.6332657695905,28.3151366802406],[-16.6346011898205,28.3164293201595],[-16.6355707001841,28.3191342600884],[-16.6373396895911,28.3200967796504],[-16.6394326195743,28.3235553200123],[-16.6389329002565,28.3248880203516],[-16.6417793802192,28.328256239605],[-16.6441347997251,28.3341663700664],[-16.6436962404067,28.3361571703795],[-16.6491509204064,28.3399450000439],[-16.6526657002281,28.3416262199509],[-16.6567179798135,28.3470380800581],[-16.6569508896105,28.3495532298234],[-16.6562439496178,28.3513307299432],[-16.6616603101824,28.3603710403432],[-16.6615694698459,28.3630525702084],[-16.6641308999959,28.3670013299093],[-16.6674347203546,28.368170280215],[-16.6718935001825,28.373359140285],[-16.6737148703536,28.3749793197658],[-16.6733572303778,28.3781965898742],[-16.676094489575,28.3822422096837],[-16.6789908502904,28.384066569709],[-16.6802113301815,28.3870387702966],[-16.6829267100117,28.3883770302266],[-16.6839957195728,28.3912703196127],[-16.6902862702662,28.3931363097166],[-16.6933621197653,28.3929392702373],[-16.6946337003214,28.3872289301443],[-16.6997150800148,28.3860375602472],[-16.7010960699826,28.3836901701881],[-16.7047846998629,28.3832253302169],[-16.7093425701548,28.3832602697693],[-16.7166867898792,28.3858626598854],[-16.7188295197669,28.3877452401735],[-16.7205368901352,28.3870558699815],[-16.7200424798607,28.3844332699042],[-16.7242021000378,28.3833139898322],[-16.7223824097162,28.3813416801714],[-16.7246294798224,28.3806544599762],[-16.7239837501349,28.3775753403825],[-16.7259451002852,28.376451319961],[-16.7306117601513,28.3769218700404],[-16.7336928603033,28.3824779099824],[-16.7357433898051,28.3810665400341],[-16.7359004503511,28.379746060085],[-16.7389088300842,28.3803278703388]]]},"properties":{"OBJECTID":8176,"INSPIREID":"ES.IGN.SIGLIM34053838022","NATCODE":"34053838022","NAMEUNIT":"IcoddelosVinos","CODNUT1":"ES7","CODNUT2":"ES70","CODNUT3":"ES709","CODIGOINE":"38022"},"id":8176},{"type":"Feature","geometry":{"type":"MultiPolygon","coordinates":[[[[-16.4107003399119,28.526849919766],[-16.4056362896187,28.5205637797294],[-16.4000235600279,28.5096279097402],[-16.3943085895815,28.5055079299129],[-16.3886290702494,28.5001598801284],[-16.3849678704263,28.4983289901862],[-16.3811265296426,28.4952091799144],[-16.3778442598676,28.4933471599794],[-16.3746742902829,28.4907618796859],[-16.3724686396978,28.4719740900693],[-16.3771031596397,28.4709705000065],[-16.3781328697038,28.4668895601908],[-16.3798466100258,28.4635778501495],[-16.3809503798969,28.4582144999976],[-16.3833760898788,28.4539117399865],[-16.3825570203758,28.4506158202524],[-16.3818527196334,28.4529976001149],[-16.3802805403255,28.4546110900205],[-16.3774438600842,28.455587539621],[-16.3762335697834,28.4614122499776],[-16.3734784996891,28.4639762896551],[-16.3727443802692,28.4656534301882],[-16.3684491198742,28.4691896303145],[-16.3628330395674,28.4669355098056],[-16.3519584901837,28.4647877202454],[-16.3499202397535,28.4651419200761],[-16.3464762399897,28.4641020397318],[-16.3425700597072,28.4621270600581],[-16.3419116898253,28.4601388996229],[-16.339508709915,28.4582942996288],[-16.3369257696056,28.4575615697634],[-16.3327283096938,28.4551297599985],[-16.3305412003362,28.4546791402429],[-16.3269830399711,28.45059189964],[-16.3256883197117,28.4499546802083],[-16.3212597196841,28.4510628202016],[-16.3170910903031,28.4500833598507],[-16.312263720036,28.449507260123],[-16.3093404601677,28.4468178098822],[-16.3048523198031,28.4472400301521],[-16.3037577702401,28.4462577003889],[-16.3005731302684,28.4455480900924],[-16.2990511200724,28.4430083599202],[-16.3010670401813,28.4408499901467],[-16.3005042600289,28.4381282799397],[-16.2990860995713,28.4373069697637],[-16.2991995397237,28.4355188501055],[-16.2964690897564,28.4316115999836],[-16.2941692597969,28.4319723396699],[-16.2931326596546,28.4418013898692],[-16.2899116001847,28.4601676900595],[-16.2843162799442,28.4640970399938],[-16.2820979397574,28.4664736902341],[-16.2729283397824,28.4895935301589],[-16.2723438796888,28.4902668999095],[-16.2714626997687,28.4960155002477],[-16.2702789196503,28.4986891603638],[-16.2718544703355,28.5014182301625],[-16.2761297602835,28.5043295300756],[-16.2779557397103,28.5066229297306],[-16.2821135704433,28.5090847498212],[-16.2844905899402,28.509612849894],[-16.2863786402583,28.5136294497214],[-16.2842410496324,28.520130099797],[-16.2805165401413,28.5265012899615],[-16.2791106201278,28.532787370305],[-16.2769385898906,28.533195929817],[-16.274412009882,28.5347179396089],[-16.2689375498781,28.5366555998429],[-16.2700517896138,28.5375206596055],[-16.2687443303453,28.5409987397113],[-16.2671292600758,28.5435500398369],[-16.2695532803267,28.5470834902666],[-16.2709137096542,28.5505636802477],[-16.2705464702812,28.5582840302437],[-16.272893980121,28.5605184301139],[-16.2716379404194,28.5623353298126],[-16.2738267898137,28.5632715096605],[-16.2739618596015,28.5651475698766],[-16.2728374895644,28.5668639700574],[-16.2750410398883,28.5698578196666],[-16.2746889703656,28.5721510398654],[-16.2780982197009,28.5713126397883],[-16.2813244902977,28.5732271602106],[-16.2836439197001,28.5761447803231],[-16.2861936600733,28.5763002298982],[-16.2862953197191,28.5729752502697],[-16.2883407099591,28.571097540331],[-16.2906312396605,28.5701281199221],[-16.2942860901911,28.5712097297621],[-16.2948335495764,28.5696638898347],[-16.2971678901142,28.5690233602064],[-16.3013143697352,28.5710901599622],[-16.3037663204049,28.5707859400002],[-16.3063384899142,28.5725175097097],[-16.3074866203906,28.574419810275],[-16.3109556597946,28.571292479706],[-16.3134986295655,28.5717335999482],[-16.3162531696538,28.5713468000504],[-16.316367270068,28.5727103100848],[-16.3193408903894,28.5782454798707],[-16.3230015997324,28.5788515202242],[-16.326790799602,28.576740519752],[-16.3286403598051,28.5767422702768],[-16.3317561097742,28.5731278202839],[-16.3326560501107,28.5712011202614],[-16.3329090695936,28.5675912601351],[-16.3315327598485,28.5652961196258],[-16.3330493397286,28.5628218597388],[-16.3329990502424,28.5589126298608],[-16.3336379203943,28.5577745898105],[-16.3369177602265,28.5560392702564],[-16.3442914698451,28.5567263598908],[-16.3455507901941,28.5549548698871],[-16.3482248798605,28.5540745502619],[-16.3497039200432,28.5527078800472],[-16.3540695400846,28.5530227003909],[-16.3541531696442,28.5498125101085],[-16.3573770695871,28.5495790497144],[-16.3638357103415,28.5478942897984],[-16.3652877202173,28.545325579691],[-16.3684269198086,28.5467759000932],[-16.3771145098533,28.5477728801664],[-16.380433260212,28.5473763596686],[-16.383445739856,28.5463059998556],[-16.3867770603405,28.5437540002394],[-16.3893651902174,28.5432275500176],[-16.395136259555,28.5401612002747],[-16.3952505198693,28.5385165498422],[-16.3972888996569,28.5383972096464],[-16.3983241101055,28.5337458402763],[-16.4026644704193,28.5331315897482],[-16.4035353502563,28.5305215596174],[-16.4051725100987,28.5302140197406],[-16.408842659837,28.5274756802221],[-16.4107003399119,28.526849919766]]],[[[-16.329106250366,28.5083179303137],[-16.3276821295865,28.5088282698215],[-16.3244088896767,28.5118206297688],[-16.3215585999589,28.5102328199431],[-16.3204795598093,28.5084291698826],[-16.3156341495747,28.5086738597357],[-16.3155915604471,28.5101815498115],[-16.3137612403607,28.510903269938],[-16.3080505997939,28.511842909633],[-16.3025079603549,28.5173115697026],[-16.2998777201525,28.5194848700551],[-16.2988323596395,28.5225726096566],[-16.2965003798743,28.5265030002804],[-16.2949309601909,28.5277003397685],[-16.2955718003483,28.5299596502349],[-16.2938533995666,28.5306800401046],[-16.2923134697773,28.5326262002001],[-16.2935980103279,28.5348703598798],[-16.2968027096798,28.5344967998439],[-16.298863559926,28.5350276602976],[-16.3033164701618,28.5380807498825],[-16.3077273500221,28.5393659697448],[-16.3097467304415,28.53901255009],[-16.3140574903684,28.541362649913],[-16.3156151996138,28.5408692002108],[-16.3196661101667,28.5411367402858],[-16.3213155400975,28.5430792303316],[-16.3230682098107,28.542646979839],[-16.3273113104271,28.5435622397676],[-16.3289220903428,28.5448551797835],[-16.3349969303837,28.5459237299159],[-16.3419979900764,28.5450604199747],[-16.3413534299954,28.5425938102378],[-16.3441383403268,28.541356829967],[-16.3482601800579,28.5360360203369],[-16.349387510044,28.5354742603146],[-16.352092490078,28.5304020896148],[-16.3511137198804,28.5289857998882],[-16.352896979924,28.5277766702364],[-16.3574952699121,28.5261341500871],[-16.3640843900633,28.5219705303818],[-16.3720294803048,28.5176845899705],[-16.3726271698876,28.5149167500795],[-16.371595310155,28.5101978299558],[-16.3727728397957,28.5017109896245],[-16.3705373202274,28.4987100298598],[-16.3665530502955,28.497151749652],[-16.3653695603329,28.4972809797136],[-16.3621770403396,28.4929266303007],[-16.359428009619,28.4928639196811],[-16.3586755600757,28.4907504402728],[-16.3554229499765,28.4904489900929],[-16.3495957700695,28.4933500503557],[-16.3473622896769,28.4960708699497],[-16.3428083396329,28.4986250700251],[-16.3400919096722,28.4995364001628],[-16.3361262097139,28.5026622203696],[-16.335271730419,28.5045840403566],[-16.329106250366,28.5083179303137]]]]},"properties":{"OBJECTID":8177,"INSPIREID":"ES.IGN.SIGLIM34053838023","NATCODE":"34053838023","NAMEUNIT":"SanCrist├│baldeLaLaguna","CODNUT1":"ES7","CODNUT2":"ES70","CODNUT3":"ES709","CODIGOINE":"38023"},"id":8177},{"type":"Feature","geometry":{"type":"Polygon","coordinates":[[[-17.937988909851,28.6628326696456],[-17.9346307701637,28.6579363098156],[-17.9354613803232,28.6557804803159],[-17.9370618502744,28.6552315800055],[-17.9384924901279,28.652629740089],[-17.9428574903317,28.6503790099154],[-17.9360903896683,28.6490016199651],[-17.9343531296555,28.6472081999523],[-17.9256492396799,28.6486144501635],[-17.924077770041,28.6476291201778],[-17.9251184898572,28.6446019597386],[-17.9233285104154,28.63721689971],[-17.9219984800771,28.6360820000174],[-17.9178215098386,28.6347829900488],[-17.916259779734,28.6337702899224],[-17.9136595199059,28.6288470498065],[-17.9119291104454,28.6150650201634],[-17.9051358202982,28.5929746298699],[-17.9188734298498,28.5920564300183],[-17.9149341403608,28.589863270131],[-17.9109168600372,28.5861954198666],[-17.910026710439,28.5843022601732],[-17.9102767798546,28.5817694402873],[-17.9076035202315,28.5798017699089],[-17.906670679996,28.5755353802738],[-17.9030659797127,28.5726458702979],[-17.9002470403,28.5726908602897],[-17.8981774395647,28.569135140024],[-17.8979836001944,28.5664259899632],[-17.8937931103109,28.5605548898741],[-17.8936153597673,28.5572708002834],[-17.891732400202,28.5550279202846],[-17.8876497198307,28.5514652701903],[-17.8852989500048,28.5514701000846],[-17.8805427703256,28.5535196896624],[-17.8777313300489,28.5534530997869],[-17.8746488204403,28.5547272598278],[-17.8765878797951,28.5591513496277],[-17.8757103299671,28.5636983199118],[-17.8765854202079,28.5646900603577],[-17.8777386504202,28.5717648000559],[-17.8805720401326,28.577487710339],[-17.8795260103747,28.5818488403912],[-17.880885769559,28.58374132011],[-17.8809002602828,28.5895141800599],[-17.8795904501233,28.5920768203839],[-17.8792013798923,28.5954227003063],[-17.881010559925,28.5980453002412],[-17.881613960098,28.6036703100197],[-17.8828503500511,28.6051504296954],[-17.883936639605,28.6097367996715],[-17.8835392401947,28.6146795002732],[-17.8856807196275,28.6167266398817],[-17.8852160597585,28.6191720798623],[-17.8860061002032,28.6218893601304],[-17.8850087797949,28.624670899946],[-17.8857678400403,28.6277487602048],[-17.8887352700712,28.6334315199628],[-17.8928288802445,28.6335695900785],[-17.8976773402595,28.6418187997911],[-17.897812540303,28.6448738400044],[-17.9004026698297,28.6464690797019],[-17.9015973698688,28.6493750996952],[-17.9010827600768,28.650739199898],[-17.9052486495962,28.6545826997141],[-17.9040328202834,28.6561061997953],[-17.897675840073,28.6581097598804],[-17.8928450598011,28.6568600898876],[-17.8896126195749,28.659067039625],[-17.8912527402644,28.6618102903651],[-17.8929526402429,28.6622610498376],[-17.8965277095966,28.6613546497202],[-17.9030187301254,28.664571969635],[-17.9052655900258,28.667789100146],[-17.9044796997978,28.6693304301323],[-17.9092401096436,28.670599190016],[-17.9112494199487,28.6729824301258],[-17.9145582897375,28.6705838899606],[-17.9179454000927,28.6695366497625],[-17.9207842704266,28.6712162796209],[-17.9224917899153,28.6689874502497],[-17.9282405199485,28.6723178499779],[-17.924393979716,28.6752334796736],[-17.930870409808,28.6727299302835],[-17.9372021096296,28.6635903200812],[-17.937988909851,28.6628326696456]]]},"properties":{"OBJECTID":8178,"INSPIREID":"ES.IGN.SIGLIM34053838024","NATCODE":"34053838024","NAMEUNIT":"LosLlanosdeAridane","CODNUT1":"ES7","CODNUT2":"ES70","CODNUT3":"ES707","CODIGOINE":"38024"},"id":8178},{"type":"Feature","geometry":{"type":"Polygon","coordinates":[[[-16.4743739504315,28.4432707303565],[-16.4665508801515,28.4402980300563],[-16.4653102896762,28.4406724101083],[-16.4622485904394,28.4385663497649],[-16.4605729997709,28.4384941002575],[-16.4571081698722,28.436762290118],[-16.4526630201822,28.4357628897202],[-16.4443258602348,28.4301196203574],[-16.4397285098845,28.428408389851],[-16.4359880301443,28.4281410601195],[-16.4319026503356,28.4265234399853],[-16.4272700797379,28.4267255496463],[-16.4228662597374,28.4234232202609],[-16.4177784804459,28.4178083200914],[-16.4167927501015,28.4158510302911],[-16.4183670503318,28.4137136297357],[-16.4185744497714,28.4101283402126],[-16.419330100012,28.4093803701191],[-16.4174611595549,28.4093186197209],[-16.4089307396506,28.4141447000189],[-16.4087719202033,28.4191103796405],[-16.4110884201995,28.4213436598971],[-16.4132485001486,28.4248592402692],[-16.4156955397286,28.429978329709],[-16.4161242202738,28.4322663501402],[-16.4201950204254,28.4373774601336],[-16.4259905598714,28.4408638196613],[-16.4294115897134,28.4484724602449],[-16.4318027001838,28.450098959742],[-16.4354663003054,28.4506659401023],[-16.4400981495559,28.4541007798793],[-16.445092510346,28.4563853603456],[-16.4513184497127,28.4643245598171],[-16.4552516701836,28.4659386002099],[-16.4548964996764,28.4624971598598],[-16.4556394800783,28.4602248199607],[-16.4599588602387,28.4578834503767],[-16.4648786204361,28.4596238397167],[-16.4670670296559,28.4556220003856],[-16.4697907701064,28.4545276403368],[-16.4712987198715,28.4556087896242],[-16.4741602097843,28.4530381598153],[-16.4713812400119,28.4510222597435],[-16.469993969922,28.448473239817],[-16.472498959821,28.4462729098655],[-16.4743739504315,28.4432707303565]]]},"properties":{"OBJECTID":8179,"INSPIREID":"ES.IGN.SIGLIM34053838025","NATCODE":"34053838025","NAMEUNIT":"LaMatanzadeAcentejo","CODNUT1":"ES7","CODNUT2":"ES70","CODNUT3":"ES709","CODIGOINE":"38025"},"id":8179},{"type":"Feature","geometry":{"type":"Polygon","coordinates":[[[-16.6806989303278,28.2127846699165],[-16.6785622595768,28.2123235703866],[-16.6768376999455,28.2095460300367],[-16.6743118098431,28.208295410152],[-16.6701152796876,28.2070561403531],[-16.6665794999496,28.2070270801805],[-16.663584099974,28.2057097797691],[-16.6604186399321,28.201298830064],[-16.6581017303041,28.2003612400296],[-16.6563261796023,28.2008340202158],[-16.6538157701672,28.199898710126],[-16.6504219799396,28.1998133501719],[-16.6493616103748,28.199095099905],[-16.6431770402236,28.1983834499665],[-16.6409335400224,28.1995024396985],[-16.6368166904327,28.2001023197044],[-16.6346378500672,28.2015273003866],[-16.6316725903661,28.202158379921],[-16.6269445504133,28.2041190501788],[-16.6212702997003,28.2075258003806],[-16.6220375696491,28.2097549701797],[-16.6204326898681,28.2127794200675],[-16.618532550023,28.2137315399275],[-16.6093698401261,28.2169444102117],[-16.5998836603702,28.2181839301823],[-16.5971714695594,28.2195694502781],[-16.5934699102272,28.2200729403023],[-16.5910063200864,28.2229085196268],[-16.5876936899497,28.2249136698281],[-16.5868523503125,28.2272790500609],[-16.5844880096375,28.2293371902565],[-16.5818485500253,28.2307125496623],[-16.5797845898117,28.233110089881],[-16.578612479707,28.2358673503701],[-16.5763365197813,28.2363358698594],[-16.5735475203187,28.2379564802527],[-16.5695423403019,28.2392841497796],[-16.5651070702834,28.2419433597476],[-16.5649351102801,28.2427305399369],[-16.5597106999288,28.2451098099623],[-16.559114739603,28.2475805496573],[-16.5560544004156,28.2481028203571],[-16.5527854203169,28.2504053902987],[-16.5513251100079,28.2530303297451],[-16.5510806595545,28.2558580502595],[-16.5499629604066,28.2567371798957],[-16.5489463603558,28.2604491296682],[-16.5492584997641,28.2629997801605],[-16.5461585700255,28.2643435998405],[-16.544497709931,28.2700483999317],[-16.5452951497986,28.2723227999919],[-16.5449415998522,28.2767853499035],[-16.5465234998299,28.2790147601359],[-16.5464526101776,28.2811635998553],[-16.5443495301299,28.2837957501289],[-16.5422614196082,28.2852814697806],[-16.5376546297608,28.2871114497409],[-16.5339125600026,28.2882456397834],[-16.5343395103925,28.2895766001067],[-16.5311678600599,28.2952350498161],[-16.5293009003881,28.2952433503776],[-16.5250886003079,28.2968230096248],[-16.5232807399002,28.2994786198872],[-16.5234062102909,28.3018418798929],[-16.5210504296623,28.3032670999973],[-16.5164319599196,28.3040676302478],[-16.512175000095,28.3001518096585],[-16.5101054900896,28.3009157199201],[-16.5046600600424,28.3059940303651],[-16.4990834696756,28.3096836596624],[-16.4991242999019,28.3133204700044],[-16.4982805698477,28.3149723701723],[-16.4952174000687,28.3169103599807],[-16.493383599909,28.3214341502406],[-16.4914847895705,28.3242347800093],[-16.485158409572,28.3299266897813],[-16.4858740003407,28.3329694997134],[-16.4841390301336,28.3350362702106],[-16.4819977797712,28.3409811699685],[-16.4825462102353,28.3448426202843],[-16.482021550092,28.3474657096072],[-16.4770494899787,28.3516262598987],[-16.4746683400282,28.3528163402731],[-16.4705601304348,28.3530683098789],[-16.4667704104407,28.3557084896911],[-16.4671168295603,28.3578979603721],[-16.4665417101491,28.3620017102637],[-16.4644182095984,28.3663748302783],[-16.464856789578,28.369330459675],[-16.4634861095748,28.3720618601379],[-16.4662450100855,28.3730701197333],[-16.4676404602344,28.374363780198],[-16.4691005297949,28.3773805901403],[-16.4712936201357,28.3802640101681],[-16.4758919999554,28.385115059872],[-16.4763417100613,28.3881066200559],[-16.4817696597913,28.390186679627],[-16.4842997602975,28.3923071699331],[-16.4864784398645,28.3926444203773],[-16.4923348698154,28.3983204903237],[-16.494233310048,28.4012238803593],[-16.4966339004397,28.403535069824],[-16.4997374997962,28.4042960502462],[-16.5066100195549,28.4081010402483],[-16.5087478401495,28.4105683503175],[-16.5086051697161,28.4127450297232],[-16.5072724803646,28.4145106996252],[-16.5087498595623,28.4157488503197],[-16.5059417295774,28.4200218496416],[-16.5026320602879,28.4234970901318],[-16.5030557596748,28.4246283798727],[-16.5118606202883,28.4195532298109],[-16.5151546795531,28.4188216797623],[-16.5181047703023,28.4193131702631],[-16.5206857603693,28.417547959669],[-16.5232943098509,28.4172281598323],[-16.5232434104086,28.4148473200165],[-16.5220094503984,28.4106553396564],[-16.5200194098545,28.4079068201684],[-16.5280381799157,28.4061654101644],[-16.5290859398288,28.4066229496692],[-16.5328857200558,28.4053798501816],[-16.5354177699062,28.4025895796564],[-16.5365223302947,28.3984976996792],[-16.5389155302465,28.3967107396968],[-16.5464853699394,28.3978713497491],[-16.5491176295546,28.3971645301203],[-16.5544414501701,28.3975821897584],[-16.5556016504107,28.3938595696527],[-16.5574362500711,28.3915913097145],[-16.5596499297982,28.3887320501066],[-16.5603000297895,28.3864322003213],[-16.5620864402247,28.3836770800617],[-16.5611139501493,28.374491520252],[-16.5614547404254,28.3705887098333],[-16.5601670701443,28.3683652101961],[-16.5603151897582,28.365239869776],[-16.5589809202701,28.3619158003256],[-16.5586537502504,28.3583816401336],[-16.5570594301656,28.3568023998359],[-16.5570285703406,28.3532919202881],[-16.5562885696506,28.3515223997383],[-16.5570384500121,28.3490770100849],[-16.5551230397054,28.3450555502565],[-16.5563209000177,28.3369552201702],[-16.5579788801134,28.3199235902575],[-16.5578914003744,28.3104299600166],[-16.5653378699377,28.2980793202309],[-16.566477779931,28.2979308497153],[-16.5890198898717,28.2928687598968],[-16.5915558797328,28.3091036103257],[-16.5922648903422,28.3146611998904],[-16.6080932999714,28.3068699701707],[-16.6408726998231,28.2998470699256],[-16.6693321499825,28.292678900129],[-16.6746429099922,28.2710890397251],[-16.677330050383,28.268871990327],[-16.687252130444,28.2542645103555],[-16.6806989303278,28.2127846699165]]]},"properties":{"OBJECTID":8180,"INSPIREID":"ES.IGN.SIGLIM34053838026","NATCODE":"34053838026","NAMEUNIT":"LaOrotava","CODNUT1":"ES7","CODNUT2":"ES70","CODNUT3":"ES709","CODIGOINE":"38026"},"id":8180},{"type":"Feature","geometry":{"type":"Polygon","coordinates":[[[-17.924393979716,28.6752334796736],[-17.9282405199485,28.6723178499779],[-17.9224917899153,28.6689874502497],[-17.9207842704266,28.6712162796209],[-17.9179454000927,28.6695366497625],[-17.9145582897375,28.6705838899606],[-17.9112494199487,28.6729824301258],[-17.9092401096436,28.670599190016],[-17.9044796997978,28.6693304301323],[-17.9052655900258,28.667789100146],[-17.9030187301254,28.664571969635],[-17.8965277095966,28.6613546497202],[-17.8929526402429,28.6622610498376],[-17.8912527402644,28.6618102903651],[-17.8896126195749,28.659067039625],[-17.8928450598011,28.6568600898876],[-17.897675840073,28.6581097598804],[-17.9040328202834,28.6561061997953],[-17.9052486495962,28.6545826997141],[-17.9010827600768,28.650739199898],[-17.9015973698688,28.6493750996952],[-17.9004026698297,28.6464690797019],[-17.897812540303,28.6448738400044],[-17.8976773402595,28.6418187997911],[-17.8928288802445,28.6335695900785],[-17.8887352700712,28.6334315199628],[-17.8857678400403,28.6277487602048],[-17.8850087797949,28.624670899946],[-17.8860061002032,28.6218893601304],[-17.8852160597585,28.6191720798623],[-17.8856807196275,28.6167266398817],[-17.8835392401947,28.6146795002732],[-17.883936639605,28.6097367996715],[-17.8828503500511,28.6051504296954],[-17.881613960098,28.6036703100197],[-17.881010559925,28.5980453002412],[-17.8792013798923,28.5954227003063],[-17.8795904501233,28.5920768203839],[-17.8809002602828,28.5895141800599],[-17.880885769559,28.58374132011],[-17.8795260103747,28.5818488403912],[-17.8805720401326,28.577487710339],[-17.8777386504202,28.5717648000559],[-17.8765854202079,28.5646900603577],[-17.8757103299671,28.5636983199118],[-17.8765878797951,28.5591513496277],[-17.8746488204403,28.5547272598278],[-17.8691560797204,28.5541219697862],[-17.863181400037,28.5545820399294],[-17.8526073901165,28.5538487499621],[-17.8470351898164,28.5548408901457],[-17.838862390125,28.5552558397871],[-17.8366988498655,28.5606775203426],[-17.8377093395758,28.5652028401531],[-17.8389599202154,28.5672514396861],[-17.8378446501121,28.5706575802984],[-17.83948642999,28.5743307303059],[-17.8378083204454,28.5765308699424],[-17.838587810177,28.57815632031],[-17.8366715500641,28.5802441702778],[-17.837844769588,28.5847299900667],[-17.8379070803294,28.5897081403408],[-17.8370000801331,28.5905660698139],[-17.8380599996419,28.5934936599103],[-17.8404793702129,28.5964197897685],[-17.8393494099597,28.5996287103588],[-17.840977249781,28.6020031096268],[-17.8409997696469,28.6043570499135],[-17.8369929304418,28.6062632398505],[-17.8369582204375,28.6083928596666],[-17.8353305503978,28.6090674299844],[-17.8340573501793,28.6115206600584],[-17.8345180098503,28.6145861896896],[-17.8339341695943,28.617206309893],[-17.8323123098578,28.6208034497185],[-17.8321229997932,28.6232700803572],[-17.8302385103969,28.6250505000254],[-17.8286996702641,28.6286639096899],[-17.8269914698524,28.6301609598119],[-17.8268909304058,28.632129589828],[-17.8246149498188,28.6410535401013],[-17.8257214002627,28.6472276998113],[-17.8251917598594,28.6495931796397],[-17.8251289604345,28.6544927598871],[-17.826706170308,28.663752069815],[-17.8264632101597,28.6661296100497],[-17.8278469498705,28.6696638600665],[-17.8275816396378,28.6719697000553],[-17.8302343098746,28.6766590902882],[-17.829692989576,28.6820106798102],[-17.8302393503217,28.683686110185],[-17.8321441003209,28.6849000996935],[-17.8335768000113,28.6879551499769],[-17.8341607300988,28.6902612201096],[-17.8359220002826,28.6922178400655],[-17.8373167003382,28.695751729943],[-17.8412033198054,28.6987370999716],[-17.8423475300339,28.7016997701528],[-17.846086670386,28.704137820332],[-17.8442274101745,28.7091563401902],[-17.8442355596908,28.7105904501917],[-17.8425196903615,28.7141085197095],[-17.8384925600108,28.7161687199877],[-17.837524220152,28.7189583897172],[-17.8382273602709,28.7245634699891],[-17.8356623799789,28.7269717396691],[-17.8355840495811,28.7346760902666],[-17.8356896797804,28.7416116397471],[-17.8382413299719,28.7436147197735],[-17.83925815011,28.7463897203918],[-17.8466763299284,28.7496802500529],[-17.849658290209,28.7501766097994],[-17.8533398198053,28.7541851396657],[-17.8555769096287,28.7562666701419],[-17.8586742800671,28.7576082996206],[-17.8598714702361,28.759089360018],[-17.8635488100899,28.7606711501873],[-17.8679492102041,28.7613624903385],[-17.8705023902266,28.7600182796372],[-17.8758513699583,28.7624481596316],[-17.8827451797892,28.758097560027],[-17.8848667300974,28.7544711301153],[-17.8880809803374,28.7529861900799],[-17.8901692103351,28.7503887297134],[-17.8926449995974,28.7484865200756],[-17.8958521899776,28.7474976697325],[-17.8958550699765,28.7450079903054],[-17.8991220198826,28.7428541798181],[-17.9001863896453,28.7406303503271],[-17.8998374103271,28.7383737397353],[-17.8983355798856,28.7373596298973],[-17.9021423696668,28.7347521600742],[-17.9028164699476,28.7283783298745],[-17.9041470599363,28.7276461402713],[-17.9061256200109,28.7237067899784],[-17.9085094397545,28.7211027200006],[-17.9093658701902,28.718405240139],[-17.9082595598835,28.7161469198852],[-17.9090648501283,28.7138203798262],[-17.9106488503671,28.7126406800838],[-17.912401670099,28.7079574302091],[-17.9155868203136,28.7054893298073],[-17.9159058201559,28.7033437299633],[-17.9175275999423,28.7009544296738],[-17.9219389100956,28.6969713703937],[-17.9223086198356,28.6944106302134],[-17.9234723001496,28.6935826599626],[-17.9238503803914,28.6876842301801],[-17.9205872402404,28.6851118201094],[-17.9218037199335,28.676985299724],[-17.924393979716,28.6752334796736]]]},"properties":{"OBJECTID":8181,"INSPIREID":"ES.IGN.SIGLIM34053838027","NATCODE":"34053838027","NAMEUNIT":"ElPaso","CODNUT1":"ES7","CODNUT2":"ES70","CODNUT3":"ES707","CODIGOINE":"38027"},"id":8181},{"type":"Feature","geometry":{"type":"Polygon","coordinates":[[[-16.5705934796771,28.407509749759],[-16.5672489997721,28.3984903902091],[-16.5646969004229,28.3963807801979],[-16.5635438696366,28.3936232798422],[-16.5586092998135,28.3939867196158],[-16.5574362500711,28.3915913097145],[-16.5556016504107,28.3938595696527],[-16.5544414501701,28.3975821897584],[-16.5491176295546,28.3971645301203],[-16.5464853699394,28.3978713497491],[-16.5389155302465,28.3967107396968],[-16.5365223302947,28.3984976996792],[-16.5354177699062,28.4025895796564],[-16.5328857200558,28.4053798501816],[-16.5290859398288,28.4066229496692],[-16.5280381799157,28.4061654101644],[-16.5200194098545,28.4079068201684],[-16.5220094503984,28.4106553396564],[-16.5232434104086,28.4148473200165],[-16.5232943098509,28.4172281598323],[-16.5256626399441,28.4181429801164],[-16.5285921799346,28.4174864897677],[-16.5299422400088,28.4180200496598],[-16.5334060503195,28.4166841898424],[-16.5355290999159,28.4171629598074],[-16.5408573501242,28.4172047396884],[-16.5420565300616,28.4207072802979],[-16.5433546702073,28.4211031999062],[-16.545239950121,28.419469969737],[-16.5460209903448,28.4175099098493],[-16.5480796397185,28.4187518398952],[-16.5511379298487,28.4190915296163],[-16.5551833804414,28.4187349301994],[-16.5591800498191,28.4146334200407],[-16.5589765302033,28.4134228000418],[-16.5620741701363,28.4112384696316],[-16.5663057498592,28.4103740099218],[-16.5705934796771,28.407509749759]]]},"properties":{"OBJECTID":8182,"INSPIREID":"ES.IGN.SIGLIM34053838028","NATCODE":"34053838028","NAMEUNIT":"PuertodelaCruz","CODNUT1":"ES7","CODNUT2":"ES70","CODNUT3":"ES709","CODIGOINE":"38028"},"id":8182},{"type":"Feature","geometry":{"type":"Polygon","coordinates":[[[-17.9925751297187,28.7402937296398],[-17.990037109665,28.7419905901336],[-17.9891273597256,28.7441845398421],[-17.9789411498183,28.7458980100133],[-17.9775014297939,28.7449375696525],[-17.9703929899837,28.7462306998185],[-17.9672282099664,28.7501338200145],[-17.9643203696799,28.7493768897575],[-17.9546280301596,28.750491400187],[-17.9529056498411,28.7493023600829],[-17.9517636297053,28.7465491502767],[-17.9443439398189,28.7469457100309],[-17.9403317996553,28.7454907103558],[-17.9353795698519,28.7451835597107],[-17.9278965199919,28.7429457899187],[-17.9239703899235,28.7430940202486],[-17.9186472699939,28.7426950601342],[-17.9150389998056,28.7414289897413],[-17.9108490803524,28.7405542296634],[-17.9065769201349,28.7404027198959],[-17.902778790113,28.741476669619],[-17.9001863896453,28.7406303503271],[-17.8991220198826,28.7428541798181],[-17.8958550699765,28.7450079903054],[-17.8958521899776,28.7474976697325],[-17.8926449995974,28.7484865200756],[-17.8901692103351,28.7503887297134],[-17.8957363198824,28.7540489398862],[-17.9054370703287,28.7546703303462],[-17.9104650595516,28.7543725698093],[-17.916705290216,28.7516580701612],[-17.921406100436,28.7532170299314],[-17.9264252098122,28.7581054997627],[-17.9280178698104,28.7579536902101],[-17.9328805600378,28.7612577303126],[-17.9334306901144,28.7633565001704],[-17.9361546201094,28.7663099898265],[-17.937769969755,28.7651382902594],[-17.940064279567,28.7666397797719],[-17.9415653203894,28.7661380199648],[-17.9497000503773,28.7666910601778],[-17.9527330403559,28.7678785202925],[-17.9553472096979,28.7701845397129],[-17.9564693896424,28.7696818898312],[-17.9615110700885,28.7720247698432],[-17.9634914303869,28.7743535603897],[-17.9652225701776,28.7751092796494],[-17.9658087703079,28.7770095396752],[-17.9690844599234,28.7780739999188],[-17.969542050051,28.7801295100012],[-17.9733338397636,28.7813358401157],[-17.9751174797946,28.7853735398918],[-17.9803614797072,28.788667299812],[-17.9809711698838,28.7917386496485],[-17.9822487700506,28.7938120403722],[-17.9845030796797,28.7949437796801],[-17.9880246804093,28.7956620601249],[-17.9929676099545,28.7951033101639],[-17.9949732003359,28.7960238998701],[-17.9965034202353,28.7923198497667],[-17.9962369502776,28.7903071800835],[-18.0000979003856,28.7865161497456],[-18.002681490177,28.7861745603186],[-18.0051810803029,28.7844764599064],[-18.0045861997521,28.7835471596383],[-18.0067314000067,28.7760681700528],[-18.0060457797307,28.7715466000968],[-18.0062827696757,28.7692810201987],[-18.0037895198592,28.7650089297185],[-18.0035043299093,28.7631653598107],[-18.004936600205,28.7594958900092],[-18.0069417701749,28.7574615397158],[-18.0050580901607,28.7557708197382],[-18.0044718603861,28.7532078699045],[-18.0018913697824,28.7526636497767],[-18.0007021503648,28.7514507900565],[-18.000679299919,28.7475755700278],[-17.9985959495699,28.7459072100617],[-17.9944647197491,28.7439496103799],[-17.9925751297187,28.7402937296398]]]},"properties":{"OBJECTID":8183,"INSPIREID":"ES.IGN.SIGLIM34053838029","NATCODE":"34053838029","NAMEUNIT":"Puntagorda","CODNUT1":"ES7","CODNUT2":"ES70","CODNUT3":"ES707","CODIGOINE":"38029"},"id":8183},{"type":"Feature","geometry":{"type":"Polygon","coordinates":[[[-17.8382413299719,28.7436147197735],[-17.8356896797804,28.7416116397471],[-17.8355840495811,28.7346760902666],[-17.8310935897664,28.7343923496243],[-17.825638599848,28.7351561003562],[-17.8220236596688,28.7346994800074],[-17.8200593495696,28.7373926002813],[-17.8165888899291,28.739269179915],[-17.8128306900216,28.7384364299503],[-17.8113108501553,28.7374848303422],[-17.8069321299822,28.7367911203191],[-17.8004600603126,28.7370427803377],[-17.7949747702196,28.7328444896875],[-17.792605549896,28.7315033999388],[-17.790648400268,28.7314536501167],[-17.7856880101686,28.7327378003175],[-17.780441169783,28.7309425301139],[-17.7789280699763,28.7294581701627],[-17.7717441797671,28.7263853403853],[-17.7700141098699,28.7263667099764],[-17.7669469803172,28.7237684097399],[-17.7639358301798,28.7225130003743],[-17.7634074303499,28.7199348099543],[-17.7615491996076,28.7173747798869],[-17.7590503595751,28.7165237401356],[-17.7589349296543,28.7148572203793],[-17.7572814896441,28.7099565003827],[-17.7551054403442,28.7069698399583],[-17.7522664397546,28.705098269995],[-17.7501929798568,28.7080884300916],[-17.7477315097401,28.7097053802501],[-17.7461250803653,28.7120545502395],[-17.7415645303988,28.7147207400717],[-17.7387346899301,28.7148186996296],[-17.7369119597096,28.7160247097072],[-17.7350433902568,28.718851760229],[-17.7325610001737,28.7201946501262],[-17.7320450896212,28.7224701898066],[-17.7333725804222,28.7238938903704],[-17.7309067597645,28.7266662203769],[-17.7313786304102,28.7293051799112],[-17.7292365796489,28.7299330099373],[-17.7259071195754,28.7341786501924],[-17.7262585503961,28.7355724797873],[-17.724201330242,28.7384492200413],[-17.7253323999145,28.7402269597208],[-17.7245670999712,28.7420907500004],[-17.7262332197017,28.743383190003],[-17.7281687495758,28.7430292897171],[-17.7298873300205,28.7441717803828],[-17.7300257900502,28.747683479983],[-17.7310491400421,28.7504267498468],[-17.7324356896832,28.7508416303133],[-17.7342764697527,28.7530920302664],[-17.7333280302723,28.7561737699375],[-17.737209949754,28.7592785603363],[-17.7384459902624,28.7589422801037],[-17.7428512799067,28.7620074098934],[-17.7436553897653,28.7660161099993],[-17.7500560397766,28.7720289698928],[-17.7524897896803,28.7763219101573],[-17.7532519401303,28.7785579103223],[-17.7534280799946,28.7826094597159],[-17.7562829403406,28.7810267297316],[-17.7588611096975,28.7782226496457],[-17.758786350103,28.7742189002975],[-17.7613688098138,28.771586089714],[-17.7613269698811,28.7703871698971],[-17.7648104703646,28.7693145198958],[-17.7654465701122,28.7682009403576],[-17.7686139399725,28.7675676699417],[-17.7720948497147,28.7660167801245],[-17.7715515100033,28.7648281703892],[-17.7747518103053,28.7634724197671],[-17.7781412598735,28.7631140201868],[-17.7802250198543,28.7594627698883],[-17.7816566999569,28.7559331901233],[-17.784488610144,28.7542510501138],[-17.7853563099449,28.7526184203709],[-17.7871813596155,28.7519583098091],[-17.7935015097975,28.7528830896912],[-17.7950408996993,28.7518769797963],[-17.797245110285,28.7520027196489],[-17.7989134704138,28.7504616700768],[-17.8060342297197,28.747643689913],[-17.809314460319,28.7470161797363],[-17.8116124002232,28.7456783797849],[-17.8146249104099,28.7457960202438],[-17.8257360302254,28.7452301399422],[-17.8300576597673,28.7472053397106],[-17.8382413299719,28.7436147197735]]]},"properties":{"OBJECTID":8184,"INSPIREID":"ES.IGN.SIGLIM34053838030","NATCODE":"34053838030","NAMEUNIT":"Puntallana","CODNUT1":"ES7","CODNUT2":"ES70","CODNUT3":"ES707","CODIGOINE":"38030"},"id":8184},{"type":"Feature","geometry":{"type":"Polygon","coordinates":[[[-16.6236570398669,28.3958731700164],[-16.6255501396152,28.3929530499025],[-16.6266109798971,28.3895740298655],[-16.6254005800018,28.3818179100477],[-16.6249673396083,28.3768322099998],[-16.6229817295554,28.3697441203169],[-16.6233914502582,28.3671670803392],[-16.6211777399884,28.3658577300979],[-16.6201723095898,28.3641549203904],[-16.619183860045,28.3595367899177],[-16.6192423700144,28.3573429901605],[-16.6167204100413,28.3532484503172],[-16.614142140073,28.3514198399538],[-16.6113060203805,28.3473740402886],[-16.6096284102992,28.3457232998911],[-16.6077572195624,28.3420540997828],[-16.6055439297042,28.3359791697828],[-16.6032091804329,28.3333442201968],[-16.6031523997205,28.3322799096772],[-16.6005500297497,28.3281137702072],[-16.597393049804,28.3257230102865],[-16.5936207301769,28.3183123197544],[-16.5918108898824,28.315950789831],[-16.5922648903422,28.3146611998904],[-16.5915558797328,28.3091036103257],[-16.5890198898717,28.2928687598968],[-16.566477779931,28.2979308497153],[-16.5653378699377,28.2980793202309],[-16.5578914003744,28.3104299600166],[-16.5579788801134,28.3199235902575],[-16.5563209000177,28.3369552201702],[-16.5551230397054,28.3450555502565],[-16.5570384500121,28.3490770100849],[-16.5562885696506,28.3515223997383],[-16.5570285703406,28.3532919202881],[-16.5570594301656,28.3568023998359],[-16.5586537502504,28.3583816401336],[-16.5589809202701,28.3619158003256],[-16.5603151897582,28.365239869776],[-16.5601670701443,28.3683652101961],[-16.5614547404254,28.3705887098333],[-16.5611139501493,28.374491520252],[-16.5620864402247,28.3836770800617],[-16.5603000297895,28.3864322003213],[-16.5596499297982,28.3887320501066],[-16.5574362500711,28.3915913097145],[-16.5586092998135,28.3939867196158],[-16.5635438696366,28.3936232798422],[-16.5646969004229,28.3963807801979],[-16.5672489997721,28.3984903902091],[-16.5705934796771,28.407509749759],[-16.5726331198011,28.4041406901227],[-16.5746922901976,28.4038262901459],[-16.5758400802126,28.4049663901872],[-16.578226760192,28.4051246703345],[-16.5816481996658,28.4018324099079],[-16.5878565796636,28.3980491501473],[-16.5920844502426,28.3977380802521],[-16.594178799564,28.3983552502637],[-16.5962007599448,28.4004731599321],[-16.5981653799628,28.3997173097144],[-16.6002591103449,28.3959410999633],[-16.6024697097489,28.3943800001189],[-16.6082734795596,28.393686179717],[-16.6139641703405,28.3947623098305],[-16.6165269803028,28.3940316000812],[-16.6203573903861,28.3955870896498],[-16.6236570398669,28.3958731700164]]]},"properties":{"OBJECTID":8185,"INSPIREID":"ES.IGN.SIGLIM34053838031","NATCODE":"34053838031","NAMEUNIT":"LosRealejos","CODNUT1":"ES7","CODNUT2":"ES70","CODNUT3":"ES709","CODIGOINE":"38031"},"id":8185},{"type":"Feature","geometry":{"type":"Polygon","coordinates":[[[-16.4069043397956,28.4145330000126],[-16.4043266303761,28.4141471603786],[-16.4026417295679,28.4148865796317],[-16.397716799566,28.4114533901834],[-16.3959428604419,28.412410249925],[-16.3914484902607,28.4122125897036],[-16.390268159673,28.413289670202],[-16.386901060189,28.4142085302959],[-16.3837299398625,28.4137173297714],[-16.3821452101916,28.4143200996621],[-16.3772066204076,28.41293509999],[-16.3715035903679,28.4100494397595],[-16.3670970098445,28.4087309098162],[-16.3671045601845,28.4061404799566],[-16.3633283400724,28.4043678102751],[-16.3610001799438,28.4025525896293],[-16.3594048600341,28.4023248397597],[-16.3569121402235,28.4005635301239],[-16.3542031096859,28.4002475296504],[-16.3494816202481,28.4006103200814],[-16.3477449800728,28.3996166503374],[-16.339372089635,28.3977768199229],[-16.3373721801995,28.3962713200263],[-16.3354055102261,28.396935030176],[-16.3337831698909,28.4006450302782],[-16.3283363600315,28.4023390796722],[-16.31950775964,28.4005006698897],[-16.3177222996223,28.4046055798175],[-16.3128056700537,28.4067018400322],[-16.3075505103702,28.4097755300962],[-16.3091764897806,28.4124485599426],[-16.3111567898918,28.4132598698967],[-16.3128606999497,28.4156623297343],[-16.316893590298,28.4181595896815],[-16.3188206104314,28.4204244303496],[-16.3200584403839,28.4181559996202],[-16.3255754904137,28.4177413396072],[-16.3287261102872,28.4166004503054],[-16.3328511498174,28.4190872996385],[-16.33624137014,28.4191434001599],[-16.3385281996807,28.4240038103175],[-16.3402130196405,28.4256389202899],[-16.3452436795547,28.4286399403528],[-16.3426515395984,28.4311656498604],[-16.3380711197962,28.4378987897698],[-16.3357751301345,28.4396452601291],[-16.3303304501807,28.4484535096119],[-16.3305412003362,28.4546791402429],[-16.3327283096938,28.4551297599985],[-16.3369257696056,28.4575615697634],[-16.339508709915,28.4582942996288],[-16.3419116898253,28.4601388996229],[-16.3425700597072,28.4621270600581],[-16.3464762399897,28.4641020397318],[-16.3499202397535,28.4651419200761],[-16.3519584901837,28.4647877202454],[-16.3628330395674,28.4669355098056],[-16.3684491198742,28.4691896303145],[-16.3727443802692,28.4656534301882],[-16.3734784996891,28.4639762896551],[-16.3762335697834,28.4614122499776],[-16.3774438600842,28.455587539621],[-16.3802805403255,28.4546110900205],[-16.3818527196334,28.4529976001149],[-16.3825570203758,28.4506158202524],[-16.385454109625,28.4503706198966],[-16.3845613001152,28.4461196602287],[-16.3899560795534,28.4400987496807],[-16.3964026496453,28.4303221497382],[-16.3980041400827,28.4278769299777],[-16.402417510073,28.4249794403918],[-16.4040155896072,28.4246109599737],[-16.4063194098832,28.4204805499138],[-16.4069043397956,28.4145330000126]]]},"properties":{"OBJECTID":8186,"INSPIREID":"ES.IGN.SIGLIM34053838032","NATCODE":"34053838032","NAMEUNIT":"ElRosario","CODNUT1":"ES7","CODNUT2":"ES70","CODNUT3":"ES709","CODIGOINE":"38032"},"id":8186},{"type":"Feature","geometry":{"type":"Polygon","coordinates":[[[-17.8533398198053,28.7541851396657],[-17.849658290209,28.7501766097994],[-17.8466763299284,28.7496802500529],[-17.83925815011,28.7463897203918],[-17.8382413299719,28.7436147197735],[-17.8300576597673,28.7472053397106],[-17.8257360302254,28.7452301399422],[-17.8146249104099,28.7457960202438],[-17.8116124002232,28.7456783797849],[-17.809314460319,28.7470161797363],[-17.8060342297197,28.747643689913],[-17.7989134704138,28.7504616700768],[-17.797245110285,28.7520027196489],[-17.7950408996993,28.7518769797963],[-17.7935015097975,28.7528830896912],[-17.7871813596155,28.7519583098091],[-17.7853563099449,28.7526184203709],[-17.784488610144,28.7542510501138],[-17.7816566999569,28.7559331901233],[-17.7802250198543,28.7594627698883],[-17.7781412598735,28.7631140201868],[-17.7747518103053,28.7634724197671],[-17.7715515100033,28.7648281703892],[-17.7720948497147,28.7660167801245],[-17.7686139399725,28.7675676699417],[-17.7654465701122,28.7682009403576],[-17.7648104703646,28.7693145198958],[-17.7613269698811,28.7703871698971],[-17.7613688098138,28.771586089714],[-17.758786350103,28.7742189002975],[-17.7588611096975,28.7782226496457],[-17.7562829403406,28.7810267297316],[-17.7534280799946,28.7826094597159],[-17.754890910078,28.7859069498047],[-17.7579168698412,28.7872361297659],[-17.757146729775,28.7894096001058],[-17.7583860302697,28.7919470101576],[-17.7589756996935,28.7978091798728],[-17.759086629953,28.8031056100718],[-17.7617486399738,28.8058348898442],[-17.761147519725,28.8077776001111],[-17.7626391803391,28.8089206303114],[-17.7661929802818,28.813488869673],[-17.7653250002065,28.8150212197111],[-17.7684816001648,28.8159469202692],[-17.7697648004291,28.8191896101316],[-17.7740133897518,28.8156198497798],[-17.7756991403662,28.8150709698436],[-17.7758121295643,28.8127683397715],[-17.7781476100642,28.8127743500915],[-17.7798959696607,28.8099599097439],[-17.7885378103046,28.8067865400982],[-17.7900246999662,28.8041668197663],[-17.7919136701592,28.8043351996333],[-17.7932886899235,28.8028994799015],[-17.7978550196505,28.8039955396949],[-17.8049681298018,28.8011415396494],[-17.8085421301603,28.800751419624],[-17.810246330374,28.7981991400863],[-17.8133780595753,28.7966003299157],[-17.8145224099411,28.7949797902959],[-17.8130256603709,28.7933963199015],[-17.8185063097671,28.7915679703036],[-17.8205922203147,28.791452189778],[-17.8245989103994,28.7885178202131],[-17.8257786696587,28.7836670800254],[-17.8294257803048,28.7818406297331],[-17.8355878997604,28.7745849703049],[-17.8397845404086,28.7711049698649],[-17.8432338797585,28.7654125199014],[-17.8475635896463,28.761992639796],[-17.8509940904264,28.7582668899988],[-17.8533398198053,28.7541851396657]]]},"properties":{"OBJECTID":8187,"INSPIREID":"ES.IGN.SIGLIM34053838033","NATCODE":"34053838033","NAMEUNIT":"SanAndr├®sySauces","CODNUT1":"ES7","CODNUT2":"ES70","CODNUT3":"ES707","CODIGOINE":"38033"},"id":8187},{"type":"Feature","geometry":{"type":"Polygon","coordinates":[[[-16.6523235499027,28.39620932966],[-16.6524734499775,28.3929276700923],[-16.6552733001904,28.388615820344],[-16.6539809595682,28.386230879947],[-16.6506244000174,28.3830045498206],[-16.649593329904,28.3783691602441],[-16.6484855795979,28.377344700206],[-16.6492604501923,28.3740050898313],[-16.6485165499157,28.3720917597632],[-16.6462794502108,28.3692939797272],[-16.6428319901365,28.3680630697585],[-16.6430853500809,28.3659653000685],[-16.6402488000954,28.3639778702273],[-16.6355719497407,28.3570847903228],[-16.6344290501542,28.3544090300591],[-16.6317403197453,28.3460479096306],[-16.6306545700788,28.3444273596362],[-16.6301527100756,28.3416265599247],[-16.6113690704354,28.3124269401602],[-16.6080932999714,28.3068699701707],[-16.5922648903422,28.3146611998904],[-16.5918108898824,28.315950789831],[-16.5936207301769,28.3183123197544],[-16.597393049804,28.3257230102865],[-16.6005500297497,28.3281137702072],[-16.6031523997205,28.3322799096772],[-16.6032091804329,28.3333442201968],[-16.6055439297042,28.3359791697828],[-16.6077572195624,28.3420540997828],[-16.6096284102992,28.3457232998911],[-16.6113060203805,28.3473740402886],[-16.614142140073,28.3514198399538],[-16.6167204100413,28.3532484503172],[-16.6192423700144,28.3573429901605],[-16.619183860045,28.3595367899177],[-16.6201723095898,28.3641549203904],[-16.6211777399884,28.3658577300979],[-16.6233914502582,28.3671670803392],[-16.6229817295554,28.3697441203169],[-16.6249673396083,28.3768322099998],[-16.6254005800018,28.3818179100477],[-16.6266109798971,28.3895740298655],[-16.6255501396152,28.3929530499025],[-16.6236570398669,28.3958731700164],[-16.6272990804216,28.3963661996864],[-16.6317486498229,28.3959528799515],[-16.6356085902245,28.3942297897068],[-16.6383429200155,28.3943106396196],[-16.6402277597548,28.3970838198834],[-16.6443928704348,28.3985416299792],[-16.6470162600849,28.39612740016],[-16.6498328297419,28.395518440362],[-16.6523235499027,28.39620932966]]]},"properties":{"OBJECTID":8188,"INSPIREID":"ES.IGN.SIGLIM34053838034","NATCODE":"34053838034","NAMEUNIT":"SanJuandelaRambla","CODNUT1":"ES7","CODNUT2":"ES70","CODNUT3":"ES709","CODIGOINE":"38034"},"id":8188},{"type":"Feature","geometry":{"type":"Polygon","coordinates":[[[-16.6418131398059,28.1045438403874],[-16.6415210903205,28.0994037798945],[-16.6429688098425,28.0896119602192],[-16.6395092898855,28.078949250233],[-16.6414048896452,28.0724463397363],[-16.6415315503037,28.0707390202578],[-16.6399566904229,28.0675448099525],[-16.6377382298618,28.0608202996943],[-16.6380912596836,28.0518989597165],[-16.6391335299921,28.0094027600485],[-16.6386998799667,28.0084525696308],[-16.6382198795677,28.0093247201574],[-16.6327532699411,28.0088067403381],[-16.6311910897806,28.0102783496494],[-16.6318948003297,28.012369260251],[-16.6293569204132,28.0149634502323],[-16.626788619948,28.015677989759],[-16.6257695396486,28.0184490599515],[-16.6186236203282,28.0188953403315],[-16.6149513999732,28.0209242002208],[-16.6137036598064,28.0205133902685],[-16.6097065897801,28.0227320397496],[-16.6071534403004,28.0229812398547],[-16.6037825202816,28.0253554701569],[-16.600606319982,28.0262571401518],[-16.5972714798983,28.0279917999259],[-16.5980994499091,28.032720099788],[-16.5994111501241,28.0368114497908],[-16.6012992498495,28.0399763601581],[-16.6024766698957,28.040486100392],[-16.6068627203216,28.0460667498312],[-16.6052783598584,28.0496684297671],[-16.6066738603129,28.0518362703838],[-16.605979159866,28.0536946298895],[-16.6065855604121,28.0554745901404],[-16.6054618102125,28.0578343699993],[-16.6059709896885,28.0612851797607],[-16.6017419099771,28.0676976099979],[-16.6037136796864,28.0723407603849],[-16.6039488604244,28.075839900359],[-16.6030641797697,28.0793070099168],[-16.6038962002841,28.08256450964],[-16.6025653803267,28.0861451302694],[-16.6021904998839,28.0889293602381],[-16.6003476797404,28.0916224300421],[-16.5997372601318,28.0936963901629],[-16.6015911897404,28.0951729701773],[-16.6019215200333,28.1009634697653],[-16.6033888902022,28.1058651896794],[-16.6072412497211,28.1082307600604],[-16.6076946096821,28.1106442597976],[-16.6108440096434,28.1129538899299],[-16.61091278017,28.118232959608],[-16.6120229604189,28.1209907103457],[-16.6108787600718,28.1227641203113],[-16.612715610012,28.1237353100572],[-16.6126141902164,28.1264802300713],[-16.6146365099233,28.1275935999907],[-16.6160841701565,28.1304375900285],[-16.620070569994,28.1341901803914],[-16.621322359766,28.1321266101004],[-16.6204816399663,28.1303856302029],[-16.6229111399404,28.1274326397218],[-16.6265805000595,28.1256923496664],[-16.6288174802885,28.1234906597681],[-16.6310010996912,28.123148790312],[-16.6339170598496,28.1200815201624],[-16.6412891102798,28.1162478898356],[-16.641693469837,28.1153946602266],[-16.6418131398059,28.1045438403874]]]},"properties":{"OBJECTID":8189,"INSPIREID":"ES.IGN.SIGLIM34053838035","NATCODE":"34053838035","NAMEUNIT":"SanMigueldeAbona","CODNUT1":"ES7","CODNUT2":"ES70","CODNUT3":"ES709","CODIGOINE":"38035"},"id":8189},{"type":"Feature","geometry":{"type":"Polygon","coordinates":[[[-17.1921062804183,28.0295736300697],[-17.1880583495771,28.0292005000325],[-17.1857442301164,28.0298229800615],[-17.1832152803521,28.0320965398956],[-17.1840518499352,28.0338401297312],[-17.1810929503063,28.0372908499987],[-17.1742641596373,28.0393816300365],[-17.1725524899321,28.0383682997642],[-17.1708235501154,28.035632619777],[-17.1687719498218,28.0355143400099],[-17.1670083296453,28.0369264098734],[-17.168494900405,28.0395486601799],[-17.1684365898616,28.0417116400054],[-17.1665096901025,28.0432535198906],[-17.1639666897888,28.042727839825],[-17.1600241996025,28.0485605399764],[-17.1567898801007,28.0489218003854],[-17.1550495298833,28.0521823102874],[-17.1530176098809,28.0545982401077],[-17.1499186602043,28.0556899398816],[-17.1472720302395,28.053544930282],[-17.1441712497963,28.0555713999495],[-17.1438333197561,28.058686229916],[-17.1446898301418,28.0607356596607],[-17.1418898900973,28.0643509700002],[-17.1391734197125,28.0652568996078],[-17.1361663802658,28.0683438198797],[-17.1342809099092,28.0687350096062],[-17.1281679597407,28.0738480398328],[-17.1237764700158,28.0725787899522],[-17.1203605695541,28.0738922403388],[-17.1179143402545,28.0755786601446],[-17.1166122798608,28.0790638696271],[-17.1136982995894,28.0811364301487],[-17.1126987998683,28.0843390200684],[-17.1135616397835,28.0858462302063],[-17.111961830094,28.0885843096405],[-17.1094971601782,28.0898711303561],[-17.1059917102591,28.0879874296952],[-17.1053633000903,28.0910869797327],[-17.1007606397983,28.0937852899258],[-17.0985225097258,28.0955891197903],[-17.0996697598532,28.0978067400666],[-17.1009660000621,28.0977453802989],[-17.101655919675,28.1001982998391],[-17.1008359599416,28.1018820599872],[-17.1024950799994,28.1034664700748],[-17.1040161397778,28.1033456801399],[-17.1044269097128,28.1059337000336],[-17.1037681203178,28.1083657896565],[-17.1042345202234,28.1107264596804],[-17.103822059659,28.1141004497417],[-17.1052723600408,28.1173826796798],[-17.1050703702559,28.1201190702522],[-17.1061220504169,28.1226846003658],[-17.103940080321,28.1260848697187],[-17.103457059786,28.1283500201],[-17.1048913396131,28.1293431597368],[-17.1096499698963,28.1306930197888],[-17.1133281999805,28.1341429397921],[-17.1139988695952,28.1356386498858],[-17.1107638197631,28.1416089703226],[-17.1123667600814,28.143143550341],[-17.1151174598719,28.1436614799969],[-17.1176794101464,28.1454509903263],[-17.1178931903194,28.151967280335],[-17.1199907897455,28.1531710599859],[-17.1212185702449,28.1519284400766],[-17.1242268799094,28.152795910344],[-17.1254787298685,28.1521042198946],[-17.1279160703384,28.1531852999831],[-17.1291406896664,28.154771570271],[-17.1320320503589,28.1547653901137],[-17.1338790503635,28.1579020999824],[-17.1368506099497,28.1601351097351],[-17.1385983299457,28.1605051998286],[-17.1446643296658,28.1546840001892],[-17.1465548000453,28.1515077600007],[-17.150140500062,28.1486974100116],[-17.1530559302143,28.1469966297762],[-17.1563858098011,28.1483519299254],[-17.1647236596546,28.1488854103878],[-17.1700950703189,28.1476678899436],[-17.1740499500696,28.1433648796851],[-17.1795909896091,28.1440068096645],[-17.1807537500483,28.1422557403553],[-17.1806565199952,28.1375089898905],[-17.1825004801008,28.1354691296726],[-17.1851974202131,28.1351842798806],[-17.1889265102138,28.1314430503538],[-17.1904111495956,28.1313669797322],[-17.1946295797794,28.1289262197296],[-17.1955988296316,28.12703916997],[-17.2046747802383,28.1237802196842],[-17.2068877098721,28.1239837103036],[-17.2118683102687,28.1224090597452],[-17.2166390696049,28.1217237497004],[-17.2185567301914,28.1179722702147],[-17.2181703099905,28.1117125102758],[-17.2191318397211,28.1091324202886],[-17.2208126900257,28.1080755898761],[-17.2229471500228,28.1090290702693],[-17.2281895500359,28.1095295601921],[-17.2322587799325,28.1074862602965],[-17.2366348896014,28.1073896303955],[-17.2382783295659,28.1063548696462],[-17.2386838497464,28.1049577096076],[-17.2358614697862,28.1018491399288],[-17.23520572029,28.0965801197079],[-17.233542029604,28.0942755401271],[-17.2331294603435,28.0916500697089],[-17.231858499625,28.0909597098988],[-17.2318444104481,28.0889025496287],[-17.2306392198832,28.0860282898356],[-17.2284394496699,28.0843567896885],[-17.2273201901484,28.0812509901438],[-17.2261742300017,28.0801019401626],[-17.2252948296442,28.0764363603771],[-17.2239753697818,28.0755536002444],[-17.222645679905,28.0719999803072],[-17.2200702899355,28.0684674100354],[-17.2184226503471,28.0677956302958],[-17.2172908000385,28.0641033900724],[-17.210527420197,28.0545436203031],[-17.2104518098978,28.0518440301479],[-17.2094887799807,28.0499167302974],[-17.2033919599614,28.0453314297621],[-17.2026851798689,28.0413461397367],[-17.1986789101957,28.036748689818],[-17.1970814999064,28.0335148703002],[-17.1921062804183,28.0295736300697]]]},"properties":{"OBJECTID":8191,"INSPIREID":"ES.IGN.SIGLIM34053838036","NATCODE":"34053838036","NAMEUNIT":"SanSebasti├índelaGomera","CODNUT1":"ES7","CODNUT2":"ES70","CODNUT3":"ES706","CODIGOINE":"38036"},"id":8191},{"type":"Feature","geometry":{"type":"Polygon","coordinates":[[[-17.8355840495811,28.7346760902666],[-17.8356623799789,28.7269717396691],[-17.8382273602709,28.7245634699891],[-17.837524220152,28.7189583897172],[-17.8384925600108,28.7161687199877],[-17.8425196903615,28.7141085197095],[-17.8442355596908,28.7105904501917],[-17.8442274101745,28.7091563401902],[-17.846086670386,28.704137820332],[-17.8423475300339,28.7016997701528],[-17.8412033198054,28.6987370999716],[-17.8373167003382,28.695751729943],[-17.8359220002826,28.6922178400655],[-17.8341607300988,28.6902612201096],[-17.8335768000113,28.6879551499769],[-17.8293517600237,28.6871957000926],[-17.822650389988,28.6875523000777],[-17.8202022400903,28.6855286296853],[-17.8119927002021,28.6834264197081],[-17.8072955596,28.6814492601007],[-17.8034413199073,28.6773165198279],[-17.7960551704186,28.6757546100788],[-17.7905274996072,28.6783044403042],[-17.7866677101225,28.6793763497337],[-17.7858733002724,28.6810525599088],[-17.7798003098627,28.686599130213],[-17.7751109801121,28.6872277201431],[-17.7717329795722,28.6867647902088],[-17.7694628802553,28.6852506898335],[-17.7706209200477,28.6826108899863],[-17.7732485704071,28.6786780102955],[-17.7733434199247,28.6760690097806],[-17.7684904602485,28.6758140796733],[-17.7687403401195,28.6773201396838],[-17.7638359896225,28.6819393096387],[-17.7625055397709,28.6847480498458],[-17.7605704797157,28.6860098598786],[-17.7594220797447,28.6880133399529],[-17.7599284304259,28.6909744302929],[-17.7594338000642,28.6962562200811],[-17.7558987901823,28.7019428000309],[-17.7522664397546,28.705098269995],[-17.7551054403442,28.7069698399583],[-17.7572814896441,28.7099565003827],[-17.7589349296543,28.7148572203793],[-17.7590503595751,28.7165237401356],[-17.7615491996076,28.7173747798869],[-17.7634074303499,28.7199348099543],[-17.7639358301798,28.7225130003743],[-17.7669469803172,28.7237684097399],[-17.7700141098699,28.7263667099764],[-17.7717441797671,28.7263853403853],[-17.7789280699763,28.7294581701627],[-17.780441169783,28.7309425301139],[-17.7856880101686,28.7327378003175],[-17.790648400268,28.7314536501167],[-17.792605549896,28.7315033999388],[-17.7949747702196,28.7328444896875],[-17.8004600603126,28.7370427803377],[-17.8069321299822,28.7367911203191],[-17.8113108501553,28.7374848303422],[-17.8128306900216,28.7384364299503],[-17.8165888899291,28.739269179915],[-17.8200593495696,28.7373926002813],[-17.8220236596688,28.7346994800074],[-17.825638599848,28.7351561003562],[-17.8310935897664,28.7343923496243],[-17.8355840495811,28.7346760902666]]]},"properties":{"OBJECTID":8192,"INSPIREID":"ES.IGN.SIGLIM34053838037","NATCODE":"34053838037","NAMEUNIT":"SantaCruzdelaPalma","CODNUT1":"ES7","CODNUT2":"ES70","CODNUT3":"ES707","CODIGOINE":"38037"},"id":8192},{"type":"Feature","geometry":{"type":"MultiPolygon","coordinates":[[[[-16.1587172298554,28.5910909297316],[-16.1582416500659,28.5934154501546],[-16.159800369916,28.5942784998998],[-16.1611443304294,28.5921613499269],[-16.1587172298554,28.5910909297316]]],[[[-16.3305412003362,28.4546791402429],[-16.3303304501807,28.4484535096119],[-16.3357751301345,28.4396452601291],[-16.3380711197962,28.4378987897698],[-16.3426515395984,28.4311656498604],[-16.3452436795547,28.4286399403528],[-16.3402130196405,28.4256389202899],[-16.3385281996807,28.4240038103175],[-16.33624137014,28.4191434001599],[-16.3328511498174,28.4190872996385],[-16.3287261102872,28.4166004503054],[-16.3255754904137,28.4177413396072],[-16.3200584403839,28.4181559996202],[-16.3188206104314,28.4204244303496],[-16.316893590298,28.4181595896815],[-16.3128606999497,28.4156623297343],[-16.3111567898918,28.4132598698967],[-16.3091764897806,28.4124485599426],[-16.3075505103702,28.4097755300962],[-16.3049751096209,28.4128467203568],[-16.3007252797247,28.4143422902664],[-16.2975850596473,28.417767629954],[-16.296920989955,28.4195700303483],[-16.2939887999344,28.4206475898382],[-16.2935837801155,28.4243654196753],[-16.2918127398548,28.4265763299422],[-16.2862261799849,28.4300534897785],[-16.2823738303474,28.4330926200714],[-16.2807823201928,28.4336247702387],[-16.2750748902049,28.4395151396352],[-16.2737455201283,28.4428471601303],[-16.2697822096886,28.447351819822],[-16.2660933902638,28.449722889645],[-16.2633277002862,28.4503000599923],[-16.2597099699397,28.451883280354],[-16.2569779497172,28.4506522003295],[-16.2540114395612,28.4504873300261],[-16.2532084301389,28.4535760399648],[-16.2518314700135,28.4553676398256],[-16.2498552500503,28.455272989949],[-16.245330409913,28.4652269400205],[-16.2448805102625,28.4676294100527],[-16.2463292799151,28.469504060393],[-16.2448698598365,28.4743734502545],[-16.2411110796174,28.4783806003555],[-16.2403360500212,28.4808003398475],[-16.2353738498165,28.4865261700729],[-16.230098879586,28.4857654502294],[-16.2267246600552,28.4888434003865],[-16.2182253497075,28.4897640398682],[-16.2170279798754,28.4914499096654],[-16.211759679636,28.4947714403715],[-16.2027198601684,28.499066660369],[-16.2019535604,28.4978910898992],[-16.2051277197272,28.4958078703172],[-16.1979527497889,28.4961781600135],[-16.1949066300341,28.4973120597681],[-16.1952521499401,28.4998535400901],[-16.1929807902869,28.502757310132],[-16.1892223397495,28.5050764197494],[-16.1872319201166,28.5079910296978],[-16.1822595896104,28.5102483596428],[-16.1794202898818,28.5094453900689],[-16.1771156395625,28.5103191897321],[-16.1771741198875,28.5119974397996],[-16.17298914027,28.515447110036],[-16.1696448301465,28.5165761701237],[-16.1664589999072,28.5187417203563],[-16.1632955296335,28.519883500355],[-16.1613934296644,28.5198510401389],[-16.1586076497638,28.5218044998538],[-16.1559262100817,28.5228400201743],[-16.1535807196547,28.5225422497696],[-16.1516542501885,28.5232806496257],[-16.148378740236,28.5227884996544],[-16.1437046701671,28.5212926698032],[-16.14319098025,28.5247330501259],[-16.1385124096216,28.5276704699026],[-16.1397572697895,28.5289145900858],[-16.1393488103214,28.5311311002875],[-16.1378294600369,28.5324976803267],[-16.1323180496305,28.5352063096862],[-16.1264178402842,28.5319456798247],[-16.1252621495863,28.5332161500714],[-16.1294702698056,28.536993640014],[-16.1268174800928,28.5435709896265],[-16.127621480357,28.5445869200047],[-16.1266227495938,28.5482271198182],[-16.1251130103846,28.5495745298432],[-16.1211740002716,28.5512624199517],[-16.1196953400763,28.5537214703315],[-16.1194920899551,28.555670869853],[-16.1207635097127,28.5583491100395],[-16.1257544101924,28.5621120996128],[-16.1267655296217,28.5658601600505],[-16.1256027601994,28.5676514703108],[-16.1273514997832,28.5716307700145],[-16.131815709927,28.5748211602889],[-16.1338609699113,28.5737146803427],[-16.1351831804151,28.5772588000315],[-16.1343362200191,28.5812262996555],[-16.1365300101475,28.5828939100564],[-16.1424451997995,28.5845013203362],[-16.1469073896322,28.5849645801705],[-16.1487152302768,28.586753489787],[-16.1540271302486,28.5867345702992],[-16.1581118201512,28.5886619102523],[-16.1608946401029,28.5870261603639],[-16.164953819648,28.586348750047],[-16.1679407296458,28.5841361803933],[-16.1719708397083,28.5851853796587],[-16.1750875302135,28.581694440289],[-16.17770213973,28.5817042598047],[-16.1800447402768,28.5804302599241],[-16.1808923402733,28.5783217500395],[-16.186285579999,28.5754795103464],[-16.1902161100157,28.5752365999491],[-16.1918311200981,28.5724786802577],[-16.1932214696128,28.5719249296424],[-16.19705134969,28.5728289400302],[-16.2016756503972,28.5720200003056],[-16.204104340091,28.5708982701919],[-16.206360609844,28.5684675299],[-16.2091853101526,28.5690886100839],[-16.2126054201198,28.5681356900884],[-16.2173973204078,28.5678824898639],[-16.2216249601199,28.5665764298249],[-16.2224371700874,28.5656449098006],[-16.225622690408,28.5654654497053],[-16.2339140003432,28.5668930398556],[-16.2408595198968,28.5700129700595],[-16.2431831399399,28.5717345001032],[-16.2480956201903,28.5705188097641],[-16.2515740999896,28.5713297396438],[-16.2541141897617,28.5698216100649],[-16.257057459603,28.5693837298528],[-16.2613965002918,28.5731702098328],[-16.2679181003712,28.5742619596694],[-16.2720942504478,28.5778880499366],[-16.2721616196025,28.5751599599196],[-16.2740236798628,28.5739935697068],[-16.2746889703656,28.5721510398654],[-16.2750410398883,28.5698578196666],[-16.2728374895644,28.5668639700574],[-16.2739618596015,28.5651475698766],[-16.2738267898137,28.5632715096605],[-16.2716379404194,28.5623353298126],[-16.272893980121,28.5605184301139],[-16.2705464702812,28.5582840302437],[-16.2709137096542,28.5505636802477],[-16.2695532803267,28.5470834902666],[-16.2671292600758,28.5435500398369],[-16.2687443303453,28.5409987397113],[-16.2700517896138,28.5375206596055],[-16.2689375498781,28.5366555998429],[-16.274412009882,28.5347179396089],[-16.2769385898906,28.533195929817],[-16.2791106201278,28.532787370305],[-16.2805165401413,28.5265012899615],[-16.2842410496324,28.520130099797],[-16.2863786402583,28.5136294497214],[-16.2844905899402,28.509612849894],[-16.2821135704433,28.5090847498212],[-16.2779557397103,28.5066229297306],[-16.2761297602835,28.5043295300756],[-16.2718544703355,28.5014182301625],[-16.2702789196503,28.4986891603638],[-16.2714626997687,28.4960155002477],[-16.2723438796888,28.4902668999095],[-16.2729283397824,28.4895935301589],[-16.2820979397574,28.4664736902341],[-16.2843162799442,28.4640970399938],[-16.2899116001847,28.4601676900595],[-16.2931326596546,28.4418013898692],[-16.2941692597969,28.4319723396699],[-16.2964690897564,28.4316115999836],[-16.2991995397237,28.4355188501055],[-16.2990860995713,28.4373069697637],[-16.3005042600289,28.4381282799397],[-16.3010670401813,28.4408499901467],[-16.2990511200724,28.4430083599202],[-16.3005731302684,28.4455480900924],[-16.3037577702401,28.4462577003889],[-16.3048523198031,28.4472400301521],[-16.3093404601677,28.4468178098822],[-16.312263720036,28.449507260123],[-16.3170910903031,28.4500833598507],[-16.3212597196841,28.4510628202016],[-16.3256883197117,28.4499546802083],[-16.3269830399711,28.45059189964],[-16.3305412003362,28.4546791402429]]]]},"properties":{"OBJECTID":8193,"INSPIREID":"ES.IGN.SIGLIM34053838038","NATCODE":"34053838038","NAMEUNIT":"SantaCruzdeTenerife","CODNUT1":"ES7","CODNUT2":"ES70","CODNUT3":"ES709","CODIGOINE":"38038"},"id":8193},{"type":"Feature","geometry":{"type":"Polygon","coordinates":[[[-16.5030557596748,28.4246283798727],[-16.5026320602879,28.4234970901318],[-16.5059417295774,28.4200218496416],[-16.5087498595623,28.4157488503197],[-16.5072724803646,28.4145106996252],[-16.5086051697161,28.4127450297232],[-16.5087478401495,28.4105683503175],[-16.5066100195549,28.4081010402483],[-16.4997374997962,28.4042960502462],[-16.4966339004397,28.403535069824],[-16.494233310048,28.4012238803593],[-16.4923348698154,28.3983204903237],[-16.4864784398645,28.3926444203773],[-16.4842997602975,28.3923071699331],[-16.4817696597913,28.390186679627],[-16.4763417100613,28.3881066200559],[-16.4758919999554,28.385115059872],[-16.4712936201357,28.3802640101681],[-16.4691005297949,28.3773805901403],[-16.4676404602344,28.374363780198],[-16.4662450100855,28.3730701197333],[-16.4634861095748,28.3720618601379],[-16.4629460100867,28.3736019897199],[-16.4608668395986,28.3745358801977],[-16.4609435395542,28.3771524400028],[-16.4587848699602,28.379738810179],[-16.4579570203236,28.381886709678],[-16.4553934000809,28.3832318496227],[-16.4536979997637,28.3853077600691],[-16.4496074896764,28.3877070200105],[-16.4489017399516,28.3898445398197],[-16.4471320103328,28.389547470149],[-16.4454625398863,28.3906211797931],[-16.4427389503528,28.390733100381],[-16.4444969901948,28.3950575299527],[-16.4463071799339,28.3975744598281],[-16.4508052700386,28.4010826301716],[-16.4572604298213,28.4065995200687],[-16.4585972801693,28.4102946600705],[-16.4604856296263,28.4125127096556],[-16.4617243004019,28.4194489803033],[-16.4659310399106,28.4231943902666],[-16.4679588096963,28.4236508702527],[-16.4703006296071,28.4261436702165],[-16.4763312500782,28.4281090701863],[-16.4789934496435,28.4264555896899],[-16.4843731400798,28.4307824098114],[-16.4848795500499,28.4326812297444],[-16.4868808797219,28.434148549822],[-16.4878340299676,28.4375187598609],[-16.489474739952,28.439480909804],[-16.4909038903987,28.4388759197625],[-16.4929282501797,28.4402318497554],[-16.4969363802638,28.4384550200191],[-16.4990946698705,28.4330839297778],[-16.5021217695958,28.4280885999103],[-16.5030557596748,28.4246283798727]]]},"properties":{"OBJECTID":8194,"INSPIREID":"ES.IGN.SIGLIM34053838039","NATCODE":"34053838039","NAMEUNIT":"Santa├Ürsula","CODNUT1":"ES7","CODNUT2":"ES70","CODNUT3":"ES709","CODIGOINE":"38039"},"id":8194},{"type":"Feature","geometry":{"type":"Polygon","coordinates":[[[-16.8525674599417,28.2731625403375],[-16.8503972299282,28.2729188996324],[-16.8493919603281,28.2710789199835],[-16.8509119996203,28.2693229502751],[-16.8500446501624,28.2680297801082],[-16.8448725397269,28.2653572298602],[-16.8410868199307,28.2644011897106],[-16.8409948800564,28.2624919700695],[-16.8395763396114,28.2614389798354],[-16.8377998600516,28.2556205102901],[-16.8396586396645,28.2482478499917],[-16.843749800132,28.2448374501338],[-16.8422337197152,28.2429582600239],[-16.8459011502531,28.2398711796421],[-16.8454860504384,28.2376008300727],[-16.8440565496487,28.2369595402335],[-16.8423836099086,28.2345437102425],[-16.8413916398662,28.2302425096146],[-16.8435470701353,28.2271217001212],[-16.8403993904478,28.2266515097054],[-16.8363436397721,28.2305323703158],[-16.8091964297151,28.2557026201675],[-16.8042967495593,28.2582943697307],[-16.7938493203471,28.263170000172],[-16.7722929901582,28.2706433603628],[-16.7481972897477,28.2738870999241],[-16.7434450797238,28.2731627096427],[-16.7046742600835,28.2685252103252],[-16.677330050383,28.268871990327],[-16.7007435504038,28.2719956099198],[-16.709154809684,28.2746061902135],[-16.7440553196694,28.2880820800097],[-16.7574609397398,28.2947960698985],[-16.7656703098464,28.2973442899271],[-16.7743378602737,28.3022857297628],[-16.7887888498402,28.3084865397544],[-16.7934117895997,28.3117288899051],[-16.8032650596083,28.3148758503048],[-16.8072563804168,28.3135361101003],[-16.8095611897379,28.3115526096458],[-16.811891830115,28.3112779996333],[-16.816200530205,28.3121863399951],[-16.8187990904207,28.3144710500185],[-16.8194958902304,28.3134690503242],[-16.8237165302697,28.3110031002464],[-16.8252794596252,28.308175540309],[-16.8269941297035,28.3064739998461],[-16.8238597495738,28.3044583199023],[-16.8238401097067,28.2991250202942],[-16.8211576198941,28.2954878100845],[-16.8216236496938,28.2929185896748],[-16.8290036097901,28.2922693698155],[-16.8339068697324,28.2880522303061],[-16.8354801800193,28.2882386502102],[-16.8378271104458,28.2865736101947],[-16.8392658701711,28.2866444697023],[-16.8421559103402,28.2839612799117],[-16.8443186304379,28.2828581500413],[-16.8461453698395,28.2835554198453],[-16.8476921304182,28.2799065999232],[-16.8506153103365,28.2773942596101],[-16.8525674599417,28.2731625403375]]]},"properties":{"OBJECTID":8195,"INSPIREID":"ES.IGN.SIGLIM34053838040","NATCODE":"34053838040","NAMEUNIT":"SantiagodelTeide","CODNUT1":"ES7","CODNUT2":"ES70","CODNUT3":"ES709","CODIGOINE":"38040"},"id":8195},{"type":"Feature","geometry":{"type":"Polygon","coordinates":[[[-16.4552516701836,28.4659386002099],[-16.4513184497127,28.4643245598171],[-16.445092510346,28.4563853603456],[-16.4400981495559,28.4541007798793],[-16.4354663003054,28.4506659401023],[-16.4318027001838,28.450098959742],[-16.4294115897134,28.4484724602449],[-16.4259905598714,28.4408638196613],[-16.4201950204254,28.4373774601336],[-16.4161242202738,28.4322663501402],[-16.4156955397286,28.429978329709],[-16.4132485001486,28.4248592402692],[-16.4110884201995,28.4213436598971],[-16.4087719202033,28.4191103796405],[-16.4089307396506,28.4141447000189],[-16.4069043397956,28.4145330000126],[-16.4063194098832,28.4204805499138],[-16.4040155896072,28.4246109599737],[-16.402417510073,28.4249794403918],[-16.3980041400827,28.4278769299777],[-16.3964026496453,28.4303221497382],[-16.4058220504397,28.4484115201213],[-16.4104535295843,28.4626599099521],[-16.4095411601575,28.4631748002765],[-16.417870399659,28.4750378701387],[-16.4187426296639,28.4776280899669],[-16.4217224196148,28.4789336100004],[-16.4238403802551,28.4814746500213],[-16.4266941204019,28.4825097197708],[-16.4292605901006,28.4864809901115],[-16.4305923200515,28.4873707101294],[-16.4381841199598,28.4815590496254],[-16.4421297803008,28.4813150896573],[-16.4433570298958,28.4800737496572],[-16.4435284500116,28.4760043198125],[-16.4466010799488,28.4742975099251],[-16.4497067202777,28.4740433198652],[-16.4510140798332,28.471426550348],[-16.4563889400282,28.4686308799473],[-16.4552516701836,28.4659386002099]]]},"properties":{"OBJECTID":8196,"INSPIREID":"ES.IGN.SIGLIM34053838041","NATCODE":"34053838041","NAMEUNIT":"ElSauzal","CODNUT1":"ES7","CODNUT2":"ES70","CODNUT3":"ES709","CODIGOINE":"38041"},"id":8196},{"type":"Feature","geometry":{"type":"Polygon","coordinates":[[[-16.8303945899222,28.3923618700745],[-16.8337126800191,28.3751790799364],[-16.8347495002487,28.3660593697548],[-16.8332205496688,28.3578405301958],[-16.835553409783,28.3528997697062],[-16.8345512995576,28.3515776300347],[-16.8337127204433,28.3478978698868],[-16.8342369898195,28.342791940086],[-16.8337238595528,28.3408314800896],[-16.8344157303065,28.3366347700523],[-16.8321195097779,28.3324060501719],[-16.8320614597459,28.3296182303864],[-16.8306147499303,28.324953889948],[-16.8292309096082,28.3245474097005],[-16.8280643304307,28.3219368902344],[-16.8250347603384,28.3171312398806],[-16.8232262800933,28.3157385599422],[-16.8187990904207,28.3144710500185],[-16.816200530205,28.3121863399951],[-16.811891830115,28.3112779996333],[-16.8095611897379,28.3115526096458],[-16.8072563804168,28.3135361101003],[-16.8087874096983,28.3169867002319],[-16.8092157596634,28.3205999102938],[-16.8079941101658,28.3243432999428],[-16.8053257400728,28.327582410087],[-16.8025514702859,28.3330158703675],[-16.7995032403885,28.3421800800346],[-16.7962802504391,28.3488105997035],[-16.7934813802882,28.3522317102364],[-16.7933793801809,28.3552653403507],[-16.7951657699549,28.357750680117],[-16.7960337796746,28.3656719102776],[-16.7972334797365,28.3684446997272],[-16.797073579616,28.3716686098828],[-16.7962032396665,28.3733045196558],[-16.7934689997069,28.3747451796304],[-16.7946983001558,28.3767579803759],[-16.7993525102704,28.3771423999059],[-16.8026455203029,28.3766783397888],[-16.8043451301255,28.3788911700133],[-16.8077817502293,28.3759434001641],[-16.8120182599064,28.3778065997053],[-16.812842280025,28.3794606198556],[-16.8147269203382,28.3798804302409],[-16.81492076959,28.3820364602164],[-16.8170026997026,28.3816955697143],[-16.8174571996256,28.3832759798794],[-16.8210490396273,28.3844697501778],[-16.8213989702614,28.3861363697711],[-16.8236565398767,28.3878866598727],[-16.8256762499778,28.3882575701624],[-16.8254841003385,28.391574759995],[-16.829000860047,28.3932476001888],[-16.8303945899222,28.3923618700745]]]},"properties":{"OBJECTID":8197,"INSPIREID":"ES.IGN.SIGLIM34053838042","NATCODE":"34053838042","NAMEUNIT":"LosSilos","CODNUT1":"ES7","CODNUT2":"ES70","CODNUT3":"ES709","CODIGOINE":"38042"},"id":8197},{"type":"Feature","geometry":{"type":"Polygon","coordinates":[[[-16.4305923200515,28.4873707101294],[-16.4292605901006,28.4864809901115],[-16.4266941204019,28.4825097197708],[-16.4238403802551,28.4814746500213],[-16.4217224196148,28.4789336100004],[-16.4187426296639,28.4776280899669],[-16.417870399659,28.4750378701387],[-16.4095411601575,28.4631748002765],[-16.4104535295843,28.4626599099521],[-16.4058220504397,28.4484115201213],[-16.3964026496453,28.4303221497382],[-16.3899560795534,28.4400987496807],[-16.3845613001152,28.4461196602287],[-16.385454109625,28.4503706198966],[-16.3825570203758,28.4506158202524],[-16.3833760898788,28.4539117399865],[-16.3809503798969,28.4582144999976],[-16.3798466100258,28.4635778501495],[-16.3781328697038,28.4668895601908],[-16.3771031596397,28.4709705000065],[-16.3724686396978,28.4719740900693],[-16.3746742902829,28.4907618796859],[-16.3778442598676,28.4933471599794],[-16.3811265296426,28.4952091799144],[-16.3849678704263,28.4983289901862],[-16.3886290702494,28.5001598801284],[-16.3943085895815,28.5055079299129],[-16.4000235600279,28.5096279097402],[-16.4056362896187,28.5205637797294],[-16.4107003399119,28.526849919766],[-16.4122656399215,28.5239943502576],[-16.4156495298164,28.5210458197158],[-16.4175003701188,28.5206844700903],[-16.4190080997967,28.5185857398379],[-16.4214130497124,28.5176400303377],[-16.4198281601414,28.5128308899861],[-16.4213004000774,28.5101539902307],[-16.4212825999601,28.5075305800835],[-16.4238840599374,28.5062506597475],[-16.4259453997654,28.5020377897046],[-16.4243274701583,28.5007731898857],[-16.4256728904341,28.4976499300331],[-16.4269294799047,28.4924861203715],[-16.4286367604415,28.4922759499522],[-16.4285716604311,28.4895654899019],[-16.4305923200515,28.4873707101294]]]},"properties":{"OBJECTID":8198,"INSPIREID":"ES.IGN.SIGLIM34053838043","NATCODE":"34053838043","NAMEUNIT":"Tacoronte","CODNUT1":"ES7","CODNUT2":"ES70","CODNUT3":"ES709","CODIGOINE":"38043"},"id":8198},{"type":"Feature","geometry":{"type":"Polygon","coordinates":[[[-16.8072563804168,28.3135361101003],[-16.8032650596083,28.3148758503048],[-16.7934117895997,28.3117288899051],[-16.7887888498402,28.3084865397544],[-16.7743378602737,28.3022857297628],[-16.7656703098464,28.2973442899271],[-16.7574609397398,28.2947960698985],[-16.7440553196694,28.2880820800097],[-16.7574311498083,28.3022870601058],[-16.7619250304076,28.318736370268],[-16.7627317103462,28.3416488898731],[-16.7632449304444,28.3510370301174],[-16.7634420001565,28.3617197802731],[-16.766108320294,28.365620019885],[-16.7680665496971,28.3674185202718],[-16.7745606101248,28.3689314496839],[-16.780503130121,28.3673467897721],[-16.7823184097145,28.3618631199819],[-16.7843242103017,28.3610065901924],[-16.7885436798362,28.3607436997777],[-16.790623279719,28.3594258601128],[-16.7912973000497,28.3631080901444],[-16.7960337796746,28.3656719102776],[-16.7951657699549,28.357750680117],[-16.7933793801809,28.3552653403507],[-16.7934813802882,28.3522317102364],[-16.7962802504391,28.3488105997035],[-16.7995032403885,28.3421800800346],[-16.8025514702859,28.3330158703675],[-16.8053257400728,28.327582410087],[-16.8079941101658,28.3243432999428],[-16.8092157596634,28.3205999102938],[-16.8087874096983,28.3169867002319],[-16.8072563804168,28.3135361101003]]]},"properties":{"OBJECTID":8199,"INSPIREID":"ES.IGN.SIGLIM34053838044","NATCODE":"34053838044","NAMEUNIT":"ElTanque","CODNUT1":"ES7","CODNUT2":"ES70","CODNUT3":"ES709","CODIGOINE":"38044"},"id":8199},{"type":"Feature","geometry":{"type":"Polygon","coordinates":[[[-17.949937800297,28.6525248798025],[-17.9477297000062,28.6516659602264],[-17.9453819799606,28.6489254097774],[-17.945141369805,28.6457732297926],[-17.9457147096536,28.64120695026],[-17.9419900501439,28.6441368500467],[-17.9383306900705,28.639541830385],[-17.9376742901941,28.6348476400985],[-17.9342924098305,28.6296027703518],[-17.932247970008,28.6242449601327],[-17.9291517700744,28.6213488799948],[-17.9257133201024,28.6154690499876],[-17.9234273798938,28.6090410800262],[-17.923275889801,28.6060821502923],[-17.9244635802859,28.6032052697529],[-17.9240526297895,28.6008048800333],[-17.9263149703572,28.5988699402519],[-17.9251399901352,28.5952322502143],[-17.9234275002681,28.5946928097209],[-17.9209061197084,28.5926211401684],[-17.9188734298498,28.5920564300183],[-17.9051358202982,28.5929746298699],[-17.9119291104454,28.6150650201634],[-17.9136595199059,28.6288470498065],[-17.916259779734,28.6337702899224],[-17.9178215098386,28.6347829900488],[-17.9219984800771,28.6360820000174],[-17.9233285104154,28.63721689971],[-17.9251184898572,28.6446019597386],[-17.924077770041,28.6476291201778],[-17.9256492396799,28.6486144501635],[-17.9343531296555,28.6472081999523],[-17.9360903896683,28.6490016199651],[-17.9428574903317,28.6503790099154],[-17.9384924901279,28.652629740089],[-17.9370618502744,28.6552315800055],[-17.9354613803232,28.6557804803159],[-17.9346307701637,28.6579363098156],[-17.937988909851,28.6628326696456],[-17.9446531498211,28.6586385498838],[-17.949937800297,28.6525248798025]]]},"properties":{"OBJECTID":8200,"INSPIREID":"ES.IGN.SIGLIM34053838045","NATCODE":"34053838045","NAMEUNIT":"Tazacorte","CODNUT1":"ES7","CODNUT2":"ES70","CODNUT3":"ES707","CODIGOINE":"38045"},"id":8200},{"type":"Feature","geometry":{"type":"Polygon","coordinates":[[[-16.329106250366,28.5083179303137],[-16.3276821295865,28.5088282698215],[-16.3244088896767,28.5118206297688],[-16.3215585999589,28.5102328199431],[-16.3204795598093,28.5084291698826],[-16.3156341495747,28.5086738597357],[-16.3155915604471,28.5101815498115],[-16.3137612403607,28.510903269938],[-16.3080505997939,28.511842909633],[-16.3025079603549,28.5173115697026],[-16.2998777201525,28.5194848700551],[-16.2988323596395,28.5225726096566],[-16.2965003798743,28.5265030002804],[-16.2949309601909,28.5277003397685],[-16.2955718003483,28.5299596502349],[-16.2938533995666,28.5306800401046],[-16.2923134697773,28.5326262002001],[-16.2935980103279,28.5348703598798],[-16.2968027096798,28.5344967998439],[-16.298863559926,28.5350276602976],[-16.3033164701618,28.5380807498825],[-16.3077273500221,28.5393659697448],[-16.3097467304415,28.53901255009],[-16.3140574903684,28.541362649913],[-16.3156151996138,28.5408692002108],[-16.3196661101667,28.5411367402858],[-16.3213155400975,28.5430792303316],[-16.3230682098107,28.542646979839],[-16.3273113104271,28.5435622397676],[-16.3289220903428,28.5448551797835],[-16.3349969303837,28.5459237299159],[-16.3419979900764,28.5450604199747],[-16.3413534299954,28.5425938102378],[-16.3441383403268,28.541356829967],[-16.3482601800579,28.5360360203369],[-16.349387510044,28.5354742603146],[-16.352092490078,28.5304020896148],[-16.3511137198804,28.5289857998882],[-16.352896979924,28.5277766702364],[-16.3574952699121,28.5261341500871],[-16.3640843900633,28.5219705303818],[-16.3720294803048,28.5176845899705],[-16.3726271698876,28.5149167500795],[-16.371595310155,28.5101978299558],[-16.3727728397957,28.5017109896245],[-16.3705373202274,28.4987100298598],[-16.3665530502955,28.497151749652],[-16.3653695603329,28.4972809797136],[-16.3621770403396,28.4929266303007],[-16.359428009619,28.4928639196811],[-16.3586755600757,28.4907504402728],[-16.3554229499765,28.4904489900929],[-16.3495957700695,28.4933500503557],[-16.3473622896769,28.4960708699497],[-16.3428083396329,28.4986250700251],[-16.3400919096722,28.4995364001628],[-16.3361262097139,28.5026622203696],[-16.335271730419,28.5045840403566],[-16.329106250366,28.5083179303137]]]},"properties":{"OBJECTID":8201,"INSPIREID":"ES.IGN.SIGLIM34053838046","NATCODE":"34053838046","NAMEUNIT":"Tegueste","CODNUT1":"ES7","CODNUT2":"ES70","CODNUT3":"ES709","CODIGOINE":"38046"},"id":8201},{"type":"Feature","geometry":{"type":"Polygon","coordinates":[[[-17.9925751297187,28.7402937296398],[-17.9910959404156,28.7393664997359],[-17.9912676803317,28.7373495098825],[-17.989974780059,28.7362939699393],[-17.9894429801057,28.7332164999065],[-17.9857047704083,28.7323169298833],[-17.9855324097564,28.7308622503139],[-17.9817324696292,28.728830149803],[-17.9805351096786,28.7263391598101],[-17.9810676399622,28.7240120500766],[-17.9796791598416,28.7222829300975],[-17.9806931700495,28.7188583203378],[-17.9777631198159,28.7137825701232],[-17.9736370499181,28.7101771101616],[-17.9744693399272,28.7096527899867],[-17.973443980404,28.706572550205],[-17.9744391197027,28.704754820253],[-17.9703717798615,28.6987576902389],[-17.9713852501819,28.696357809822],[-17.969652639849,28.6954271502133],[-17.9682077203758,28.6929459601951],[-17.9688632003774,28.6906197899595],[-17.9675621595716,28.689898800294],[-17.9661430999004,28.6841951299907],[-17.9650389698049,28.6824009400726],[-17.9674908099818,28.6806640702097],[-17.9649107496712,28.6790132002829],[-17.9628486301055,28.6751221201325],[-17.9625939101118,28.6709794696084],[-17.9642147601418,28.6678510602313],[-17.9621367700401,28.6669106998758],[-17.957954310197,28.6637207701216],[-17.9562123196559,28.6607930996135],[-17.955425760183,28.6578734097682],[-17.949937800297,28.6525248798025],[-17.9446531498211,28.6586385498838],[-17.937988909851,28.6628326696456],[-17.9372021096296,28.6635903200812],[-17.930870409808,28.6727299302835],[-17.924393979716,28.6752334796736],[-17.9218037199335,28.676985299724],[-17.9205872402404,28.6851118201094],[-17.9238503803914,28.6876842301801],[-17.9234723001496,28.6935826599626],[-17.9223086198356,28.6944106302134],[-17.9219389100956,28.6969713703937],[-17.9175275999423,28.7009544296738],[-17.9159058201559,28.7033437299633],[-17.9155868203136,28.7054893298073],[-17.912401670099,28.7079574302091],[-17.9106488503671,28.7126406800838],[-17.9090648501283,28.7138203798262],[-17.9082595598835,28.7161469198852],[-17.9093658701902,28.718405240139],[-17.9085094397545,28.7211027200006],[-17.9061256200109,28.7237067899784],[-17.9041470599363,28.7276461402713],[-17.9028164699476,28.7283783298745],[-17.9021423696668,28.7347521600742],[-17.8983355798856,28.7373596298973],[-17.8998374103271,28.7383737397353],[-17.9001863896453,28.7406303503271],[-17.902778790113,28.741476669619],[-17.9065769201349,28.7404027198959],[-17.9108490803524,28.7405542296634],[-17.9150389998056,28.7414289897413],[-17.9186472699939,28.7426950601342],[-17.9239703899235,28.7430940202486],[-17.9278965199919,28.7429457899187],[-17.9353795698519,28.7451835597107],[-17.9403317996553,28.7454907103558],[-17.9443439398189,28.7469457100309],[-17.9517636297053,28.7465491502767],[-17.9529056498411,28.7493023600829],[-17.9546280301596,28.750491400187],[-17.9643203696799,28.7493768897575],[-17.9672282099664,28.7501338200145],[-17.9703929899837,28.7462306998185],[-17.9775014297939,28.7449375696525],[-17.9789411498183,28.7458980100133],[-17.9891273597256,28.7441845398421],[-17.990037109665,28.7419905901336],[-17.9925751297187,28.7402937296398]]]},"properties":{"OBJECTID":8202,"INSPIREID":"ES.IGN.SIGLIM34053838047","NATCODE":"34053838047","NAMEUNIT":"Tijarafe","CODNUT1":"ES7","CODNUT2":"ES70","CODNUT3":"ES707","CODIGOINE":"38047"},"id":8202},{"type":"Feature","geometry":{"type":"Polygon","coordinates":[[[-18.0248447904438,27.7275034303239],[-18.0194515695827,27.7261656501643],[-18.0042084303273,27.7255298503711],[-17.9908268599537,27.7277965099773],[-17.9838798096709,27.7284824899225],[-17.97723891961,27.7300663403961],[-17.9748294601515,27.7325791498156],[-17.9713055103274,27.7189917299739],[-17.9689029795748,27.716897239693],[-17.9606641303538,27.6925648602002],[-17.9584031004281,27.6968386202454],[-17.9595589501277,27.6982085202879],[-17.959543690446,27.7037990496982],[-17.9573963297431,27.7103823600913],[-17.9580724395552,27.7114729499205],[-17.9580367997946,27.7170972796059],[-17.9573301598392,27.7195705601826],[-17.9541003103543,27.7228672298307],[-17.9521346698502,27.7256849200126],[-17.9488259204356,27.7286990199412],[-17.9463668003116,27.728897579893],[-17.9427507695776,27.7304846796395],[-17.9400675700959,27.7283812602896],[-17.9316709803043,27.7285496296049],[-17.9270003202403,27.7322578599788],[-17.9268518098592,27.7362202902481],[-17.9256294497942,27.7394945997585],[-17.9258036304328,27.7411173897888],[-17.9240857704369,27.7466817599201],[-17.9198099603644,27.7519619098197],[-17.918464210407,27.7554128900626],[-17.9125620795643,27.7633892700764],[-17.9095749297163,27.7654242002199],[-17.9119987801856,27.7681299298896],[-17.9138480295716,27.7689461201902],[-17.9142592801053,27.7706766699104],[-17.911124829907,27.771832499967],[-17.9084373903771,27.774619769675],[-17.9064634395583,27.7786503996977],[-17.9048889003761,27.7796262201575],[-17.9050060595537,27.7817815700341],[-17.9041331297612,27.7841607302345],[-17.9009342595772,27.7858499500714],[-17.8981382496621,27.7861738800311],[-17.8961867603187,27.7876681097639],[-17.8941187397199,27.7919630802737],[-17.892143899569,27.7927351702637],[-17.8897116597333,27.7985703901237],[-17.8887433001115,27.7999284798745],[-17.8852219697748,27.800537070205],[-17.8832956197846,27.8041514700387],[-17.8831988802116,27.81031937983],[-17.8836443098453,27.8130461496995],[-17.8861993403972,27.8174292798123],[-17.888526509684,27.8187562899176],[-17.8940144902312,27.8239113400323],[-17.893090679861,27.8257682998935],[-17.8935288600903,27.8295470202168],[-17.8950855901721,27.8323027396275],[-17.8987718404152,27.8334720099754],[-17.8990858195733,27.8358532603313],[-17.9031720303236,27.8378213703299],[-17.9038116200261,27.8403824697507],[-17.9061620799333,27.8409959997132],[-17.9073353497629,27.8430920803007],[-17.9115243700026,27.8425878298358],[-17.9157300998049,27.8439612497694],[-17.9169673898699,27.8476065696567],[-17.9206814501575,27.84785540035],[-17.9228123698941,27.8488638698147],[-17.9292981200072,27.8489977503458],[-17.9301151296733,27.847074289898],[-17.9326190200344,27.8485139998431],[-17.9349143197899,27.8485752100331],[-17.9373569800829,27.8466116899491],[-17.9415586503984,27.8458266101737],[-17.9442625102333,27.8434713200706],[-17.9452091000825,27.8410218202867],[-17.9477517500532,27.8403667101009],[-17.955783110003,27.8417210903302],[-17.9582067403851,27.8414688601329],[-17.9596352395533,27.8392515899215],[-17.963358520149,27.839103070265],[-17.9639407003184,27.8355472501952],[-17.9656250899851,27.8345367996655],[-17.967500839672,27.832021190128],[-17.9718627299083,27.8289928601033],[-17.9719268300937,27.8276221400376],[-17.9753309698117,27.8259088099536],[-17.9820478303963,27.8245676403445],[-17.9837834500853,27.8226980303108],[-17.9881883597423,27.8211963803825],[-17.9899343100571,27.8223366300428],[-17.9920790099502,27.8220171901841],[-17.9880048797438,27.8193167096483],[-17.986532680232,27.8159847200528],[-17.9848598204419,27.8154002902147],[-17.9834815397931,27.8133074996819],[-17.9833687599024,27.8108535600757],[-17.9807573403035,27.8090002901701],[-17.9806465798256,27.806283780148],[-17.9795081197132,27.8037518503234],[-17.9800783900185,27.7997081000711],[-17.9786600804406,27.7964343598371],[-17.9789196899644,27.7934951597383],[-17.9803439499828,27.7893355397806],[-17.9815834903276,27.78777520973],[-17.9827818599846,27.7839668599316],[-17.9849068400605,27.7812579603824],[-17.9862151302706,27.7785450496138],[-17.9877300797085,27.7728218897454],[-17.9850354500631,27.7716019099253],[-17.9826950800332,27.7682732496142],[-17.9810114197984,27.762394590274],[-17.9791858904275,27.7596744697406],[-17.9805229096587,27.7557485798096],[-17.984216599749,27.7509752400762],[-17.9865164602512,27.7490852801189],[-17.9868460503323,27.7469338802305],[-17.9892724897463,27.7436699597456],[-17.9925755797746,27.7419169600016],[-17.9927936296402,27.7398437498485],[-17.995984960264,27.7389771496695],[-17.9979993397622,27.737267309872],[-18.000269689709,27.7364278099618],[-18.0085618602303,27.7319960202347],[-18.010312559938,27.7304054096847],[-18.0151142401846,27.7280987697343],[-18.0182771499095,27.7289417402361],[-18.0224502600871,27.7287350801404],[-18.0248447904438,27.7275034303239]]]},"properties":{"OBJECTID":8203,"INSPIREID":"ES.IGN.SIGLIM34053838048","NATCODE":"34053838048","NAMEUNIT":"Valverde","CODNUT1":"ES7","CODNUT2":"ES70","CODNUT3":"ES703","CODIGOINE":"38048"},"id":8203},{"type":"Feature","geometry":{"type":"Polygon","coordinates":[[[-17.3419137398412,28.1538956896072],[-17.3436370202716,28.1525200598476],[-17.3460845997391,28.1485640296141],[-17.3452064300735,28.145264060376],[-17.3464310197571,28.1431164000021],[-17.3430503898483,28.1409158396152],[-17.3424426597957,28.137687020108],[-17.3425085602049,28.1342138799007],[-17.3411063196908,28.1314217997014],[-17.3426565899873,28.1264687799356],[-17.345327779892,28.1237829798914],[-17.3452290397709,28.1215388699436],[-17.3463643000843,28.1185247299559],[-17.3464206603852,28.1149913001651],[-17.3473545696158,28.1121745996944],[-17.3466257601376,28.105576889617],[-17.347444460433,28.1007437296313],[-17.3489322196639,28.0983677899161],[-17.3443744697462,28.0944684898338],[-17.3420441500676,28.0946418501885],[-17.340880120309,28.0929996997135],[-17.3395791998775,28.0891257899489],[-17.3395216798515,28.0859579003614],[-17.3344770798808,28.082227139886],[-17.334123600003,28.0794315203267],[-17.3315134101977,28.0826465899577],[-17.3296026603507,28.0808880202458],[-17.3256138503334,28.083983689659],[-17.3259764400265,28.0890486297246],[-17.3249901500316,28.0907779803855],[-17.3239420703183,28.0949762503955],[-17.3229299995731,28.095324559657],[-17.3203068102473,28.1002415702839],[-17.3144826900023,28.1024479000426],[-17.3134957999328,28.1044000603111],[-17.309944429933,28.1061644801055],[-17.3051743200787,28.109570810324],[-17.3018598600739,28.1129588499304],[-17.293790440302,28.1168334696303],[-17.2881420197467,28.118803890229],[-17.2878599002385,28.1231055401996],[-17.2849338502029,28.1261835299082],[-17.2826312803818,28.1272785699975],[-17.2793996198932,28.1274731501585],[-17.2754151900613,28.1263419901798],[-17.2668846704439,28.1282818100577],[-17.2682192803936,28.1294977303388],[-17.2719568801349,28.1295900901143],[-17.277558179562,28.1328068501899],[-17.2794494898662,28.1333844597054],[-17.2815887495619,28.13634189972],[-17.2814629800323,28.1385240503888],[-17.2854655800875,28.1437928299997],[-17.2880656297099,28.1464744603779],[-17.2932037398102,28.1485784603205],[-17.2958026602502,28.1500959397526],[-17.3064617100855,28.1515129898893],[-17.3127565897602,28.1459783798238],[-17.3176871198596,28.1432962997811],[-17.3202661201582,28.1432679597343],[-17.3266687599378,28.1490307299837],[-17.3313975401025,28.1519396696792],[-17.3377305299048,28.1516845796738],[-17.3419137398412,28.1538956896072]]]},"properties":{"OBJECTID":8205,"INSPIREID":"ES.IGN.SIGLIM34053838049","NATCODE":"34053838049","NAMEUNIT":"ValleGranRey","CODNUT1":"ES7","CODNUT2":"ES70","CODNUT3":"ES706","CODIGOINE":"38049"},"id":8205},{"type":"Feature","geometry":{"type":"Polygon","coordinates":[[[-17.2356187099621,28.2038742297109],[-17.2400579604157,28.2017978596326],[-17.2440548903049,28.2006874599514],[-17.2451784401802,28.2009370101012],[-17.2456574003301,28.2046006802656],[-17.2489974596257,28.2045142197093],[-17.251209649946,28.2029059899405],[-17.2527129895572,28.2036815902434],[-17.253264849789,28.2076995303456],[-17.2526350795709,28.2088991498201],[-17.2548651104328,28.2112418000595],[-17.2562615999324,28.2105618898959],[-17.2585855298944,28.2130048799524],[-17.260463350198,28.2133663598222],[-17.2603694897255,28.2173723598591],[-17.2676785197453,28.2170384003356],[-17.270828650037,28.2173948599387],[-17.2722785398887,28.2149092797279],[-17.2742797896107,28.2147469903092],[-17.2751593696313,28.217796580352],[-17.2785549403198,28.2169496202778],[-17.2785743295569,28.2138814599921],[-17.2809945400526,28.2130642303369],[-17.281801629623,28.2111640501658],[-17.2853025798809,28.2102077997384],[-17.2884408003085,28.2122107598331],[-17.2898297098238,28.2094679796769],[-17.2914314203484,28.2095385999134],[-17.2925858399302,28.2076009603277],[-17.2970753897515,28.2069689099382],[-17.2998370103609,28.2083138400161],[-17.3058747095563,28.2033659497535],[-17.3098158001674,28.2023448201846],[-17.3134454601409,28.2025198798717],[-17.3159515495778,28.2043867196512],[-17.3186598803279,28.2035883198606],[-17.3179518300176,28.2022595199766],[-17.3210981999615,28.2000551002786],[-17.32279568976,28.1974511498745],[-17.3213344002874,28.1945868199775],[-17.3213418401345,28.1921514101436],[-17.3245826400828,28.1885386501802],[-17.3278951004378,28.1883839803289],[-17.3290737296165,28.1871801201541],[-17.3292393798532,28.1837359703362],[-17.3310903602927,28.1832515002156],[-17.3312128204289,28.181667699751],[-17.3333025802575,28.1763780601394],[-17.3366067096366,28.1743131901208],[-17.3357531295554,28.1717688697827],[-17.336616329695,28.1682920597],[-17.3362482899231,28.1653650003888],[-17.3347320199618,28.16268128985],[-17.337445439668,28.1599236103259],[-17.3419137398412,28.1538956896072],[-17.3377305299048,28.1516845796738],[-17.3313975401025,28.1519396696792],[-17.3266687599378,28.1490307299837],[-17.3202661201582,28.1432679597343],[-17.3176871198596,28.1432962997811],[-17.3127565897602,28.1459783798238],[-17.3064617100855,28.1515129898893],[-17.2958026602502,28.1500959397526],[-17.2932037398102,28.1485784603205],[-17.2880656297099,28.1464744603779],[-17.2854655800875,28.1437928299997],[-17.2814629800323,28.1385240503888],[-17.2815887495619,28.13634189972],[-17.2794494898662,28.1333844597054],[-17.277558179562,28.1328068501899],[-17.2719568801349,28.1295900901143],[-17.2682192803936,28.1294977303388],[-17.2668846704439,28.1282818100577],[-17.2754151900613,28.1263419901798],[-17.2793996198932,28.1274731501585],[-17.2826312803818,28.1272785699975],[-17.2849338502029,28.1261835299082],[-17.2878599002385,28.1231055401996],[-17.2881420197467,28.118803890229],[-17.293790440302,28.1168334696303],[-17.3018598600739,28.1129588499304],[-17.3051743200787,28.109570810324],[-17.309944429933,28.1061644801055],[-17.3134957999328,28.1044000603111],[-17.3144826900023,28.1024479000426],[-17.3203068102473,28.1002415702839],[-17.3229299995731,28.095324559657],[-17.3239420703183,28.0949762503955],[-17.3249901500316,28.0907779803855],[-17.3259764400265,28.0890486297246],[-17.3256138503334,28.083983689659],[-17.3296026603507,28.0808880202458],[-17.3245796199468,28.0799824697272],[-17.3226245301557,28.0774413203117],[-17.3203754199755,28.0757469600858],[-17.3185451097706,28.0696295903145],[-17.3209242897157,28.0649379902817],[-17.3192854401423,28.0635580999445],[-17.3197964000793,28.0604013097898],[-17.3185341997315,28.0587948802515],[-17.3168234400196,28.0597946598545],[-17.3133174996203,28.0570972500104],[-17.3126959696482,28.0541490596083],[-17.3108913800066,28.0525210103279],[-17.3076330503339,28.0513983097549],[-17.3060859897179,28.0519665999393],[-17.3034116997272,28.0511858902835],[-17.3023727702533,28.0491108501051],[-17.29883020015,28.0501077198259],[-17.2957313403049,28.047529529981],[-17.2936631696875,28.0529227603359],[-17.2910166699784,28.0556613800851],[-17.2907885904227,28.0580473796083],[-17.2840234202388,28.0617136200867],[-17.2797864200815,28.0659430300345],[-17.276972099806,28.0701613302246],[-17.274500520049,28.0709097897297],[-17.2693308997436,28.0753817499012],[-17.2650223802149,28.0772260997576],[-17.2639588198343,28.0795834696726],[-17.2646160901782,28.080698749813],[-17.2582681200702,28.0853522102483],[-17.2557170600718,28.0897173799413],[-17.2534943998868,28.0921325498264],[-17.2529336104011,28.0962158901192],[-17.2492190003444,28.0975600503055],[-17.2489905300216,28.0999243599973],[-17.2477556797809,28.1020967303118],[-17.2471277699737,28.1050721696965],[-17.2492691703547,28.1069356002294],[-17.2483164800464,28.1099524596589],[-17.2448535402032,28.1110424297003],[-17.243610770415,28.1118667901546],[-17.2435031899732,28.1151549302037],[-17.2459525903257,28.1170413303047],[-17.2482883600831,28.1212323501635],[-17.2511325502401,28.1233936901495],[-17.2531658096306,28.1266339903884],[-17.2551203002454,28.1255740502113],[-17.2567657003339,28.1283677000408],[-17.2566364902567,28.1315262498855],[-17.2534390304277,28.1336073801045],[-17.2543744102004,28.1364208502685],[-17.252803149869,28.1397493101592],[-17.2520268096308,28.1435609696974],[-17.2529521004246,28.1449173200783],[-17.2512193598359,28.1469102303685],[-17.2517138797049,28.1504961602644],[-17.2534464496136,28.1513113399977],[-17.2516031102438,28.1548815901583],[-17.2455267502535,28.1571668996541],[-17.2435646904341,28.1610178200448],[-17.2450979996398,28.162427410222],[-17.2445712203707,28.1643111296719],[-17.2426859898643,28.1654591499159],[-17.2405497296433,28.1680965202301],[-17.2421983097679,28.1720497902747],[-17.2386216701591,28.1739383196813],[-17.2375975700739,28.1776700501724],[-17.2354340603571,28.1780365796369],[-17.2331992100337,28.1796747500812],[-17.2323406802352,28.1825149300157],[-17.2293057400142,28.1853066699716],[-17.2293177100653,28.1892190797448],[-17.2300924899299,28.1907747298774],[-17.2357339000327,28.1956175797527],[-17.2371969097791,28.2003770096155],[-17.2356187099621,28.2038742297109]]]},"properties":{"OBJECTID":8207,"INSPIREID":"ES.IGN.SIGLIM34053838050","NATCODE":"34053838050","NAMEUNIT":"Vallehermoso","CODNUT1":"ES7","CODNUT2":"ES70","CODNUT3":"ES706","CODIGOINE":"38050"},"id":8207},{"type":"Feature","geometry":{"type":"Polygon","coordinates":[[[-16.4878340299676,28.4375187598609],[-16.4868808797219,28.434148549822],[-16.4848795500499,28.4326812297444],[-16.4843731400798,28.4307824098114],[-16.4789934496435,28.4264555896899],[-16.4763312500782,28.4281090701863],[-16.4703006296071,28.4261436702165],[-16.4679588096963,28.4236508702527],[-16.4659310399106,28.4231943902666],[-16.4617243004019,28.4194489803033],[-16.4604856296263,28.4125127096556],[-16.4585972801693,28.4102946600705],[-16.4572604298213,28.4065995200687],[-16.4508052700386,28.4010826301716],[-16.4463071799339,28.3975744598281],[-16.4444969901948,28.3950575299527],[-16.4427389503528,28.390733100381],[-16.4414180801355,28.3919276299271],[-16.4357941503497,28.3934311297594],[-16.4338958601358,28.3949583897312],[-16.4294811597406,28.3953207099028],[-16.4246711898406,28.3965805498364],[-16.4236094296837,28.3980898897411],[-16.4249837002532,28.3993390898122],[-16.4247558704291,28.402906549808],[-16.4226152399043,28.405419980113],[-16.4218265101017,28.4082712499885],[-16.419330100012,28.4093803701191],[-16.4185744497714,28.4101283402126],[-16.4183670503318,28.4137136297357],[-16.4167927501015,28.4158510302911],[-16.4177784804459,28.4178083200914],[-16.4228662597374,28.4234232202609],[-16.4272700797379,28.4267255496463],[-16.4319026503356,28.4265234399853],[-16.4359880301443,28.4281410601195],[-16.4397285098845,28.428408389851],[-16.4443258602348,28.4301196203574],[-16.4526630201822,28.4357628897202],[-16.4571081698722,28.436762290118],[-16.4605729997709,28.4384941002575],[-16.4622485904394,28.4385663497649],[-16.4653102896762,28.4406724101083],[-16.4665508801515,28.4402980300563],[-16.4743739504315,28.4432707303565],[-16.476804559825,28.440729079764],[-16.4781142702715,28.441294269904],[-16.480199969715,28.4399503300483],[-16.4822189297228,28.440707220129],[-16.4878340299676,28.4375187598609]]]},"properties":{"OBJECTID":8208,"INSPIREID":"ES.IGN.SIGLIM34053838051","NATCODE":"34053838051","NAMEUNIT":"LaVictoriadeAcentejo","CODNUT1":"ES7","CODNUT2":"ES70","CODNUT3":"ES709","CODIGOINE":"38051"},"id":8208},{"type":"Feature","geometry":{"type":"Polygon","coordinates":[[[-16.684640850084,28.1206423101129],[-16.6812396298906,28.1186164003859],[-16.6733248398236,28.1123956000003],[-16.6598266995672,28.1129659001032],[-16.6539639499683,28.1096884000531],[-16.6418131398059,28.1045438403874],[-16.641693469837,28.1153946602266],[-16.6412891102798,28.1162478898356],[-16.6339170598496,28.1200815201624],[-16.6310010996912,28.123148790312],[-16.6288174802885,28.1234906597681],[-16.6265805000595,28.1256923496664],[-16.6229111399404,28.1274326397218],[-16.6204816399663,28.1303856302029],[-16.621322359766,28.1321266101004],[-16.620070569994,28.1341901803914],[-16.6215358902073,28.1388660403181],[-16.6211248103535,28.1439521901999],[-16.6194353901212,28.1460389896075],[-16.6169005096794,28.1460779698254],[-16.6126876301858,28.1523732203084],[-16.6159665196004,28.1571089802772],[-16.6164256296775,28.1591974399017],[-16.6141334003636,28.1652444100906],[-16.6116302196716,28.1693984997187],[-16.6111907198172,28.1720120097329],[-16.6137223402728,28.1751049501691],[-16.6133641199853,28.1810938798834],[-16.6141858700611,28.1835842097732],[-16.6133750902115,28.1872490298262],[-16.6135837499874,28.1902881103515],[-16.6147062200877,28.1958344603693],[-16.6158828603963,28.1982032501091],[-16.6184141197292,28.1991931797948],[-16.6199472600515,28.2015486796231],[-16.6184815697323,28.2063675002436],[-16.618952560029,28.2092229403142],[-16.618532550023,28.2137315399275],[-16.6204326898681,28.2127794200675],[-16.6220375696491,28.2097549701797],[-16.6212702997003,28.2075258003806],[-16.6269445504133,28.2041190501788],[-16.6316725903661,28.202158379921],[-16.6346378500672,28.2015273003866],[-16.6368166904327,28.2001023197044],[-16.6409335400224,28.1995024396985],[-16.6431770402236,28.1983834499665],[-16.6493616103748,28.199095099905],[-16.6504219799396,28.1998133501719],[-16.6538157701672,28.199898710126],[-16.6563261796023,28.2008340202158],[-16.6581017303041,28.2003612400296],[-16.6604186399321,28.201298830064],[-16.6682092199448,28.1749406902985],[-16.6701601298749,28.1720197996099],[-16.6729544096347,28.1702889299594],[-16.6744451395942,28.1679151202417],[-16.6744188297361,28.1649190703762],[-16.6762775599417,28.1626400197704],[-16.6789383302874,28.1570117797231],[-16.6793729298319,28.1535407702196],[-16.6811372003887,28.1511003601655],[-16.6829253499623,28.1462860003196],[-16.6842059801465,28.1454850597885],[-16.6874361898559,28.139145699734],[-16.687429930395,28.135499600332],[-16.6891392698704,28.1328973098305],[-16.6889573996529,28.1303905497868],[-16.6873905401681,28.1298051700038],[-16.6875239498692,28.1240273902537],[-16.6869075897016,28.1223743301206],[-16.684640850084,28.1206423101129]]]},"properties":{"OBJECTID":8209,"INSPIREID":"ES.IGN.SIGLIM34053838052","NATCODE":"34053838052","NAMEUNIT":"VilaflordeChasna","CODNUT1":"ES7","CODNUT2":"ES70","CODNUT3":"ES709","CODIGOINE":"38052"},"id":8209},{"type":"Feature","geometry":{"type":"Polygon","coordinates":[[[-17.8404793702129,28.5964197897685],[-17.8380599996419,28.5934936599103],[-17.8370000801331,28.5905660698139],[-17.8379070803294,28.5897081403408],[-17.837844769588,28.5847299900667],[-17.8366715500641,28.5802441702778],[-17.838587810177,28.57815632031],[-17.8378083204454,28.5765308699424],[-17.83948642999,28.5743307303059],[-17.8378446501121,28.5706575802984],[-17.8389599202154,28.5672514396861],[-17.8377093395758,28.5652028401531],[-17.8366988498655,28.5606775203426],[-17.83506865017,28.5600891902459],[-17.8352042400824,28.5571455699477],[-17.8340354303881,28.5543284496603],[-17.8390575796633,28.5533934701242],[-17.8397186597623,28.5483370002792],[-17.8395459299029,28.5445690203705],[-17.8403215398107,28.5365513301127],[-17.8269722297356,28.5320491696326],[-17.8227260703557,28.5314069100691],[-17.814706879883,28.5294716796617],[-17.8051465100644,28.5256463701687],[-17.7990590001848,28.5206391603113],[-17.7969084298013,28.5182972303252],[-17.7960105502001,28.5194734897969],[-17.7961678101721,28.5219482400287],[-17.7934808296813,28.5248604397634],[-17.7928208904427,28.5292310300234],[-17.7909572401644,28.5299847098821],[-17.789912380013,28.5325067396863],[-17.7901678698629,28.5350687898538],[-17.7893929696242,28.5380687702845],[-17.7867322397026,28.5436278999915],[-17.7827838098556,28.5476654303277],[-17.780398049751,28.549131509719],[-17.7767794498353,28.5530628997237],[-17.771051629887,28.5564816403495],[-17.7712268498765,28.5583724199932],[-17.7678268397138,28.5609595497584],[-17.7662656000893,28.565254630271],[-17.7600939198642,28.5698709403879],[-17.7603970698316,28.5716184202859],[-17.7593547896417,28.5737712501748],[-17.7610706203434,28.5772941298436],[-17.7600598602402,28.5799118098905],[-17.7608300003063,28.5806782298476],[-17.7597743001845,28.5838064898641],[-17.75664396966,28.5850591302611],[-17.7579409599621,28.5883497001569],[-17.7551730502475,28.5922172796145],[-17.7567873901867,28.5947418602056],[-17.7549345897603,28.5976102696746],[-17.7546320802918,28.6014105703105],[-17.7552885403553,28.6091325698414],[-17.7564314902475,28.6105842196623],[-17.7553401800094,28.6138106097295],[-17.752747350147,28.6162258596612],[-17.7508445396105,28.619428119979],[-17.7501828495554,28.6220846500586],[-17.7506423602811,28.6260219198438],[-17.7524324996231,28.6264501201932],[-17.7537868599325,28.6283954402271],[-17.7535932101067,28.6305646500604],[-17.7584957603799,28.630184179729],[-17.7618150596093,28.6308201301725],[-17.7665549501373,28.6333755002569],[-17.7679899602947,28.6335085401106],[-17.770751250324,28.631972589918],[-17.7747677401302,28.6318993296259],[-17.7774324001811,28.6325212397968],[-17.7828939702589,28.6302530501825],[-17.7832420503636,28.6287213496155],[-17.7886939896033,28.6276078099324],[-17.7934727897595,28.6223583202963],[-17.8014823799368,28.6194414300769],[-17.8031855902071,28.6169795600377],[-17.8123493897603,28.6144350803871],[-17.8185189400799,28.6096520397888],[-17.8235078202486,28.6080966600999],[-17.8264344200531,28.6051570702702],[-17.8285214103757,28.6010270801044],[-17.8299696599037,28.6009066198516],[-17.831713500076,28.5984706396191],[-17.8353197598346,28.5972585796612],[-17.8404793702129,28.5964197897685]]]},"properties":{"OBJECTID":8210,"INSPIREID":"ES.IGN.SIGLIM34053838053","NATCODE":"34053838053","NAMEUNIT":"VilladeMazo","CODNUT1":"ES7","CODNUT2":"ES70","CODNUT3":"ES707","CODIGOINE":"38053"},"id":8210},{"type":"Feature","geometry":{"type":"Polygon","coordinates":[[[-18.1571357001045,27.7117953396431],[-18.1542220099889,27.7092821100453],[-18.1504801899623,27.7080107997732],[-18.1477629299583,27.7047244800091],[-18.1459305697979,27.7038398201501],[-18.1368297601124,27.7032662702252],[-18.1280766298828,27.7052495401019],[-18.1242067100967,27.7051232297946],[-18.1109365299201,27.7023031599743],[-18.1071950395752,27.7008412098808],[-18.1046531998849,27.7014430902723],[-18.0979914895706,27.700961920274],[-18.0904710500318,27.6984177603635],[-18.0831999199338,27.6970519703109],[-18.0759496603948,27.6973270002683],[-18.0723052500844,27.6971391698269],[-18.0617945201874,27.6945027996897],[-18.0593237201681,27.6948966203484],[-18.0561240100593,27.6942267596107],[-18.0541285203349,27.6930945603746],[-18.0505831600643,27.692710019694],[-18.0478111504387,27.6905439697607],[-18.0421408199736,27.6878931596155],[-18.0377667899046,27.6862302498045],[-18.0331980598792,27.6822856901424],[-18.0314910003279,27.6799876901393],[-18.029504780319,27.6792463899124],[-18.0278841198334,27.6772107401567],[-18.0287266102125,27.6738880997713],[-18.0274019401215,27.670898809622],[-18.0248630100744,27.6706457998945],[-18.0205248003274,27.6671945402917],[-18.0194780600021,27.6654213702479],[-18.0196008803627,27.6608993898043],[-18.0134291103061,27.6544036897201],[-18.0103575897883,27.6517065697602],[-18.0093015195605,27.6493589000967],[-18.005864470062,27.6488056799755],[-18.0024678195985,27.6474685203959],[-17.9987827596232,27.6467698602938],[-17.9960084700733,27.6444393997609],[-17.9963292198337,27.6417145300824],[-17.9947640599614,27.6405188503942],[-17.9867085497034,27.6377339398381],[-17.9843585102077,27.6393713300557],[-17.979879450014,27.6406674102303],[-17.9781031698802,27.639462619883],[-17.9755308296911,27.6415006501796],[-17.9753711298948,27.6433461303519],[-17.9727718896545,27.6467161598722],[-17.9703776898778,27.6489830198137],[-17.9714359699612,27.6507311103782],[-17.9704968199592,27.6574329600589],[-17.9712659503189,27.6615209199452],[-17.9709498996458,27.6644053300156],[-17.9718074098564,27.6667395499151],[-17.9712888304092,27.6682427196662],[-17.9723574896274,27.6720491002401],[-17.9695440299379,27.6768516999839],[-17.9672230599249,27.6794904302122],[-17.9666582298169,27.6857692796382],[-17.9655679903707,27.6864114696389],[-17.9644316898082,27.6898483801698],[-17.9632887803402,27.6912810101529],[-17.9606641303538,27.6925648602002],[-17.9689029795748,27.716897239693],[-17.9713055103274,27.7189917299739],[-17.9748294601515,27.7325791498156],[-17.97723891961,27.7300663403961],[-17.9838798096709,27.7284824899225],[-17.9908268599537,27.7277965099773],[-18.0042084303273,27.7255298503711],[-18.0194515695827,27.7261656501643],[-18.0248447904438,27.7275034303239],[-18.0271508699828,27.7284319498624],[-18.0308859104239,27.7287352900608],[-18.0338139196852,27.7283048100194],[-18.0383122604198,27.7286425998194],[-18.0405948400309,27.7293203796364],[-18.0427940398139,27.7285295797834],[-18.0451982998235,27.7294265001481],[-18.0489421302797,27.726295889693],[-18.0535195595903,27.7248561898803],[-18.0575872704357,27.7247338002618],[-18.0617521700116,27.7251512701653],[-18.0654134704461,27.7261913803319],[-18.0942216196493,27.7202779601074],[-18.1154552004279,27.7165203702979],[-18.1317417203094,27.7144935797187],[-18.1571357001045,27.7117953396431]]]},"properties":{"OBJECTID":8211,"INSPIREID":"ES.IGN.SIGLIM34053838901","NATCODE":"34053838901","NAMEUNIT":"ElPinardeElHierro","CODNUT1":"ES7","CODNUT2":"ES70","CODNUT3":"ES703","CODIGOINE":"38901"},"id":8211}]}